pais,codigo_iso,region,cultivo,anio,superficie_hectareas,rendimiento_ton_ha,produccion_ton,fertilizantes_kg_ha,agua_riego_m3_ha,tendencia_5_anios
Argentina,ARG,América del Sur,Soja,2011-01-01,4703643,2.22,10465461,105,4811,0.0005355288103362
Argentina,ARG,América del Sur,Maíz,2011-01-01,3371781,8.45,28485921,164,5557,0.0309430456677826
Argentina,ARG,América del Sur,Cebada,2011-01-01,1661577,2.77,4596917,105,6514,-0.0397789723480151
Argentina,ARG,América del Sur,Té,2011-01-01,188518,3.07,577886,236,8527,0.00362280914547
Argentina,ARG,América del Sur,Algodón,2011-01-01,1638327,1.18,1929756,276,6925,0.0077352145256762
Argentina,ARG,América del Sur,Girasol,2011-01-01,400408,3.59,1436089,268,4814,0.0366483666755269
Argentina,ARG,América del Sur,Café,2011-01-01,238479,1.61,384031,103,5374,0.0201820313458551
Argentina,ARG,América del Sur,Trigo,2011-01-01,627742,5.25,3294702,91,8573,-0.0120544558242352
Argentina,ARG,América del Sur,Soja,2012-01-01,5742860,3.26,18722616,246,1916,-0.0270951928035895
Argentina,ARG,América del Sur,Maíz,2012-01-01,5195860,5.4,28032958,195,6155,-0.0287373455945859
Argentina,ARG,América del Sur,Cebada,2012-01-01,1878820,5.21,9791625,113,9830,-0.0237258391477064
Argentina,ARG,América del Sur,Té,2012-01-01,213792,1.84,393950,176,2489,0.0255782157533737
Argentina,ARG,América del Sur,Algodón,2012-01-01,676195,3.14,2125899,66,7304,-0.0118380713493463
Argentina,ARG,América del Sur,Girasol,2012-01-01,4717670,2.32,10930665,224,2876,0.0181710369026574
Argentina,ARG,América del Sur,Café,2012-01-01,142829,1.79,255495,90,8433,-0.049675468389827
Argentina,ARG,América del Sur,Trigo,2012-01-01,2301854,8.67,19961382,77,5889,0.0341669348172467
Argentina,ARG,América del Sur,Soja,2013-01-01,1746490,3.14,5478586,249,9689,0.0418493494395702
Argentina,ARG,América del Sur,Maíz,2013-01-01,8547523,4.09,34977816,262,6038,-0.0260547689661941
Argentina,ARG,América del Sur,Cebada,2013-01-01,1166539,4.83,5634708,67,9727,0.0265834429306987
Argentina,ARG,América del Sur,Té,2013-01-01,239649,2.53,605567,205,7932,0.0464362906007455
Argentina,ARG,América del Sur,Algodón,2013-01-01,3134608,1.7,5338042,216,7118,-0.0061899916085495
Argentina,ARG,América del Sur,Girasol,2013-01-01,1043240,1.41,1472007,191,4770,0.0088440114410351
Argentina,ARG,América del Sur,Café,2013-01-01,350614,1.76,617863,270,6413,-0.0429142650111346
Argentina,ARG,América del Sur,Trigo,2013-01-01,3993322,3.17,12652195,196,8744,-0.0257002757604275
Argentina,ARG,América del Sur,Soja,2014-01-01,3515508,2.37,8318994,158,7735,-0.0032975331963325
Argentina,ARG,América del Sur,Maíz,2014-01-01,1869306,4.07,7615290,77,5073,-0.0308409927858346
Argentina,ARG,América del Sur,Cebada,2014-01-01,307216,3.35,1029879,286,2235,-0.0056869254946543
Argentina,ARG,América del Sur,Té,2014-01-01,316633,1.28,406569,53,2528,0.0426366983008127
Argentina,ARG,América del Sur,Algodón,2014-01-01,767759,2.44,1876140,281,1960,-0.0335362878598473
Argentina,ARG,América del Sur,Girasol,2014-01-01,3031400,2.23,6761835,158,8973,-0.0345203174725935
Argentina,ARG,América del Sur,Café,2014-01-01,31012,1.81,56187,64,1821,0.0084177594458971
Argentina,ARG,América del Sur,Trigo,2014-01-01,4568180,3.05,13923967,97,2122,0.0095035106450027
Argentina,ARG,América del Sur,Soja,2015-01-01,2166107,3.97,8606247,198,1651,0.0119381510332103
Argentina,ARG,América del Sur,Maíz,2015-01-01,9940032,5.98,59471302,221,6147,-0.0261314047384154
Argentina,ARG,América del Sur,Cebada,2015-01-01,1412147,5.28,7455970,289,2188,-0.0490684543115753
Argentina,ARG,América del Sur,Té,2015-01-01,312383,2.27,708453,117,3170,0.0433259377993709
Argentina,ARG,América del Sur,Algodón,2015-01-01,1159474,2.0,2321417,230,5956,0.011167776572595
Argentina,ARG,América del Sur,Girasol,2015-01-01,5139424,1.61,8249296,219,2697,0.0438930003927103
Argentina,ARG,América del Sur,Café,2015-01-01,57537,2.24,128997,122,4450,0.0217612187138797
Argentina,ARG,América del Sur,Trigo,2015-01-01,2126877,5.09,10818005,63,2512,0.0134284447309194
Argentina,ARG,América del Sur,Soja,2016-01-01,476888,2.89,1379775,117,3647,0.024123090834793
Argentina,ARG,América del Sur,Maíz,2016-01-01,7612796,6.63,50489823,226,3442,0.0045590289205522
Argentina,ARG,América del Sur,Cebada,2016-01-01,1395478,3.72,5186979,143,1653,0.0398924636526474
Argentina,ARG,América del Sur,Té,2016-01-01,124017,2.24,277394,273,7658,0.0473837022637289
Argentina,ARG,América del Sur,Algodón,2016-01-01,1107254,4.68,5178909,275,7755,-0.0475213638101811
Argentina,ARG,América del Sur,Girasol,2016-01-01,3091090,3.11,9604766,238,5065,-0.0233194290405528
Argentina,ARG,América del Sur,Café,2016-01-01,64708,1.02,66169,101,8541,-0.0150341575554081
Argentina,ARG,América del Sur,Trigo,2016-01-01,2185758,3.44,7525604,121,2137,0.0466889104048361
Argentina,ARG,América del Sur,Soja,2017-01-01,5205491,4.16,21656516,134,1452,-0.0384658248148572
Argentina,ARG,América del Sur,Maíz,2017-01-01,3769397,7.26,27375849,202,8119,-0.0154312888320199
Argentina,ARG,América del Sur,Cebada,2017-01-01,1052089,4.48,4716454,197,4114,-0.0245277493861418
Argentina,ARG,América del Sur,Té,2017-01-01,1542,2.42,3729,290,4228,-0.0135778528218735
Argentina,ARG,América del Sur,Algodón,2017-01-01,2484154,4.14,10287257,81,5920,0.0007122504035269
Argentina,ARG,América del Sur,Girasol,2017-01-01,3013252,1.88,5664213,157,7211,0.0177317945272732
Argentina,ARG,América del Sur,Café,2017-01-01,385154,1.73,668055,127,5700,-0.0289817315117358
Argentina,ARG,América del Sur,Trigo,2017-01-01,3112871,4.28,13314441,171,3780,0.0158850744998421
Argentina,ARG,América del Sur,Soja,2018-01-01,5362866,3.85,20666579,242,4848,0.0172795670557167
Argentina,ARG,América del Sur,Maíz,2018-01-01,3206769,3.78,12117610,206,2193,-0.004458383161991
Argentina,ARG,América del Sur,Cebada,2018-01-01,1469060,3.42,5030855,112,3417,0.0156058011111784
Argentina,ARG,América del Sur,Té,2018-01-01,48076,2.48,119051,228,9486,-0.0035450115425747
Argentina,ARG,América del Sur,Algodón,2018-01-01,547283,2.79,1526116,193,6198,0.0450039608443156
Argentina,ARG,América del Sur,Girasol,2018-01-01,5154094,2.69,13875282,90,8777,-0.0049930242753091
Argentina,ARG,América del Sur,Café,2018-01-01,507390,1.98,1002924,210,4919,-0.0225402553082461
Argentina,ARG,América del Sur,Trigo,2018-01-01,2122111,3.56,7551720,70,3267,-0.0349169341986913
Argentina,ARG,América del Sur,Soja,2019-01-01,1321690,3.14,4151744,188,8633,-0.0084225765896844
Argentina,ARG,América del Sur,Maíz,2019-01-01,6550902,7.19,47122614,55,7232,-0.0023020267442643
Argentina,ARG,América del Sur,Cebada,2019-01-01,803243,6.66,5350442,157,9818,0.024751566897805
Argentina,ARG,América del Sur,Té,2019-01-01,123988,1.79,221839,149,6507,0.0168873620622917
Argentina,ARG,América del Sur,Algodón,2019-01-01,832592,4.71,3917824,186,1441,0.0406928862586768
Argentina,ARG,América del Sur,Girasol,2019-01-01,258647,1.8,465199,96,1823,-0.0239843686080695
Argentina,ARG,América del Sur,Café,2019-01-01,231679,1.23,284510,242,7906,-0.0247728468217619
Argentina,ARG,América del Sur,Trigo,2019-01-01,158063,6.05,956805,107,2124,0.0281233049610894
Argentina,ARG,América del Sur,Soja,2020-01-01,7226711,2.54,18337419,209,3496,-0.0261455058111094
Argentina,ARG,América del Sur,Maíz,2020-01-01,2094642,6.53,13683934,246,7043,-0.0332210856632197
Argentina,ARG,América del Sur,Cebada,2020-01-01,1744383,5.01,8738359,129,2771,0.0078684732509243
Argentina,ARG,América del Sur,Té,2020-01-01,256100,1.7,435322,226,4978,-0.0398098694554023
Argentina,ARG,América del Sur,Algodón,2020-01-01,3457606,2.72,9410237,250,1672,-0.0152796234691551
Argentina,ARG,América del Sur,Girasol,2020-01-01,3163106,1.48,4684483,157,9031,-0.0394461129356001
Argentina,ARG,América del Sur,Café,2020-01-01,440698,2.01,886916,95,9548,0.0465473731238077
Argentina,ARG,América del Sur,Trigo,2020-01-01,4248426,7.19,30567194,201,5397,-0.0177695417018881
Brasil,BRA,América del Sur,Arroz,2011-01-01,1347714,4.38,5904963,137,5581,0.0380319979758225
Brasil,BRA,América del Sur,Soja,2011-01-01,2403160,3.3,7927168,111,7658,-0.0011422153151212
Brasil,BRA,América del Sur,Cebada,2011-01-01,1479338,4.45,6581725,54,2524,-0.0205764418679502
Brasil,BRA,América del Sur,Té,2011-01-01,128089,1.65,211558,185,6632,-0.0074496187294785
Brasil,BRA,América del Sur,Café,2011-01-01,177446,1.11,197465,109,2976,0.0221284331326069
Brasil,BRA,América del Sur,Algodón,2011-01-01,2243064,3.76,8438524,239,8933,-0.022350037303131
Brasil,BRA,América del Sur,Caña de azúcar,2011-01-01,8895477,125.62,1117450621,125,4727,-0.0139118930850613
Brasil,BRA,América del Sur,Girasol,2011-01-01,4468704,1.24,5553473,124,3068,0.0137869655105927
Brasil,BRA,América del Sur,Arroz,2012-01-01,455952,6.75,3078435,162,6582,-0.0315636329609918
Brasil,BRA,América del Sur,Soja,2012-01-01,7669673,3.11,23820326,175,2213,0.0077021156470818
Brasil,BRA,América del Sur,Cebada,2012-01-01,332518,2.92,969566,113,2940,0.0058073034617628
Brasil,BRA,América del Sur,Té,2012-01-01,119017,2.73,324561,126,8025,-0.0194619755680639
Brasil,BRA,América del Sur,Café,2012-01-01,327747,2.19,718560,210,4457,-0.0235353874709992
Brasil,BRA,América del Sur,Algodón,2012-01-01,979089,1.07,1051956,165,8699,-0.0208740710968972
Brasil,BRA,América del Sur,Caña de azúcar,2012-01-01,4673461,105.94,495101188,286,5334,0.0287828026646731
Brasil,BRA,América del Sur,Girasol,2012-01-01,1707210,2.5,4264818,282,5352,0.0326631159650059
Brasil,BRA,América del Sur,Arroz,2013-01-01,671704,7.26,4879482,285,5728,-0.0060846551326262
Brasil,BRA,América del Sur,Soja,2013-01-01,2627794,4.59,12063146,176,8172,-0.0419558148100699
Brasil,BRA,América del Sur,Cebada,2013-01-01,862695,4.53,3908034,108,1339,0.0499572416877451
Brasil,BRA,América del Sur,Té,2013-01-01,147671,2.15,317080,182,8245,0.0416072787926767
Brasil,BRA,América del Sur,Café,2013-01-01,297899,1.76,524747,170,6700,-0.0091651906569984
Brasil,BRA,América del Sur,Algodón,2013-01-01,438489,3.52,1544979,123,7561,0.0313566034737972
Brasil,BRA,América del Sur,Caña de azúcar,2013-01-01,7814033,52.04,406647504,247,7622,0.0364910584051879
Brasil,BRA,América del Sur,Girasol,2013-01-01,20934,2.79,58380,98,9494,-0.0138220640848324
Brasil,BRA,América del Sur,Arroz,2014-01-01,2825946,4.07,11488616,83,5719,-0.0061883904927621
Brasil,BRA,América del Sur,Soja,2014-01-01,1133776,2.93,3324660,231,3594,-0.0189249861606664
Brasil,BRA,América del Sur,Cebada,2014-01-01,796024,3.8,3026303,168,2924,0.0147709688783758
Brasil,BRA,América del Sur,Té,2014-01-01,146103,2.02,295000,300,8736,-0.0256269093924861
Brasil,BRA,América del Sur,Café,2014-01-01,208293,0.98,204949,84,2143,-0.0223752597177959
Brasil,BRA,América del Sur,Algodón,2014-01-01,1885571,2.09,3949811,50,5634,0.0226050982613532
Brasil,BRA,América del Sur,Caña de azúcar,2014-01-01,10620028,106.85,1134706673,187,8935,-0.0154876058306992
Brasil,BRA,América del Sur,Girasol,2014-01-01,4709021,2.94,13835122,228,4912,0.0071797641984901
Brasil,BRA,América del Sur,Arroz,2015-01-01,1661999,4.81,8001722,257,7246,-0.0113921247509017
Brasil,BRA,América del Sur,Soja,2015-01-01,7404309,3.73,27627853,82,9229,0.0465353590176853
Brasil,BRA,América del Sur,Cebada,2015-01-01,211840,5.47,1158588,166,1251,0.0222443827570642
Brasil,BRA,América del Sur,Té,2015-01-01,81632,1.19,97056,209,7512,0.0149836652579272
Brasil,BRA,América del Sur,Café,2015-01-01,500792,2.13,1066105,210,8994,0.0372383017398536
Brasil,BRA,América del Sur,Algodón,2015-01-01,266349,1.71,456333,108,2480,-0.0066028528076874
Brasil,BRA,América del Sur,Caña de azúcar,2015-01-01,1572151,104.64,164509104,61,6314,0.0296143465162211
Brasil,BRA,América del Sur,Girasol,2015-01-01,3071195,2.06,6338414,224,3950,-0.0330016350931902
Brasil,BRA,América del Sur,Arroz,2016-01-01,1465122,5.9,8647363,86,4804,-0.0038850086645002
Brasil,BRA,América del Sur,Soja,2016-01-01,2097553,4.4,9227256,123,9955,-0.0342024377928213
Brasil,BRA,América del Sur,Cebada,2016-01-01,738885,6.24,4608834,226,5097,-0.0043164187332213
Brasil,BRA,América del Sur,Té,2016-01-01,196325,2.2,431842,141,5847,0.0492692043626897
Brasil,BRA,América del Sur,Café,2016-01-01,422646,1.69,712279,225,1803,0.041061695371871
Brasil,BRA,América del Sur,Algodón,2016-01-01,1335715,3.24,4323554,106,4115,0.0120891163130304
Brasil,BRA,América del Sur,Caña de azúcar,2016-01-01,2503622,118.44,296529437,129,8222,-0.0466635468754367
Brasil,BRA,América del Sur,Girasol,2016-01-01,1100687,1.66,1823932,94,4289,-0.0367840202253216
Brasil,BRA,América del Sur,Arroz,2017-01-01,1621472,7.16,11615734,115,8894,0.0467384076166812
Brasil,BRA,América del Sur,Soja,2017-01-01,7085824,3.06,21694268,86,4696,0.0360140596898821
Brasil,BRA,América del Sur,Cebada,2017-01-01,938327,6.34,5945832,252,7464,-0.0486081344899098
Brasil,BRA,América del Sur,Té,2017-01-01,250595,1.77,444531,147,7086,-0.0391653897800769
Brasil,BRA,América del Sur,Café,2017-01-01,13318,1.94,25860,206,4626,0.0147652380639441
Brasil,BRA,América del Sur,Algodón,2017-01-01,2118922,3.34,7074498,85,1742,0.0446261532881946
Brasil,BRA,América del Sur,Caña de azúcar,2017-01-01,8001831,60.54,484412010,149,8432,-0.0128988484513117
Brasil,BRA,América del Sur,Girasol,2017-01-01,5490058,2.3,12621748,156,2622,0.0333693083296321
Brasil,BRA,América del Sur,Arroz,2018-01-01,1289325,3.82,4925107,293,4868,0.0355450193305954
Brasil,BRA,América del Sur,Soja,2018-01-01,5139802,3.92,20135347,65,7523,-0.0224118559138413
Brasil,BRA,América del Sur,Cebada,2018-01-01,2496445,5.63,14058098,214,1349,-0.0449421489337127
Brasil,BRA,América del Sur,Té,2018-01-01,64771,2.5,161609,191,4394,0.0086383083581561
Brasil,BRA,América del Sur,Café,2018-01-01,145039,1.11,161490,50,5542,0.0358406126380176
Brasil,BRA,América del Sur,Algodón,2018-01-01,496481,2.59,1286021,271,1422,-0.0368196770438102
Brasil,BRA,América del Sur,Caña de azúcar,2018-01-01,3935472,71.46,281213415,82,7897,0.0026085526597867
Brasil,BRA,América del Sur,Girasol,2018-01-01,4593482,2.33,10693279,165,9254,-0.0278450243581715
Brasil,BRA,América del Sur,Arroz,2019-01-01,3053967,6.23,19034059,65,8847,0.0347298543167242
Brasil,BRA,América del Sur,Soja,2019-01-01,967007,3.53,3416050,70,6277,0.0108297423633439
Brasil,BRA,América del Sur,Cebada,2019-01-01,499859,5.15,2576002,147,9692,-0.020510225405011
Brasil,BRA,América del Sur,Té,2019-01-01,237014,1.43,339438,216,4522,-0.0069930058333613
Brasil,BRA,América del Sur,Café,2019-01-01,270778,1.13,305118,74,6120,-0.0073235993739041
Brasil,BRA,América del Sur,Algodón,2019-01-01,1773095,4.12,7300286,73,2398,-0.0406769898296322
Brasil,BRA,América del Sur,Caña de azúcar,2019-01-01,5457022,114.04,622322406,193,6400,0.0170013264732295
Brasil,BRA,América del Sur,Girasol,2019-01-01,3575193,4.02,14362621,203,6119,-0.0148353814306851
Brasil,BRA,América del Sur,Arroz,2020-01-01,985848,4.89,4824901,139,7022,-0.0385114686469691
Brasil,BRA,América del Sur,Soja,2020-01-01,1832113,5.35,9800172,259,1430,0.0108994915553065
Brasil,BRA,América del Sur,Cebada,2020-01-01,1658739,3.18,5273227,129,6567,-0.0148976579263018
Brasil,BRA,América del Sur,Té,2020-01-01,67736,1.83,123819,212,1502,-0.0408242316945554
Brasil,BRA,América del Sur,Café,2020-01-01,211553,1.21,255028,234,6314,0.0276835619966741
Brasil,BRA,América del Sur,Algodón,2020-01-01,392781,3.39,1330504,62,2336,-0.0227897156453781
Brasil,BRA,América del Sur,Caña de azúcar,2020-01-01,9291726,85.17,791369186,181,2864,-0.0154827144519138
Brasil,BRA,América del Sur,Girasol,2020-01-01,4309998,2.28,9821497,151,1897,-0.0492312914100117
Estados Unidos,USA,América del Norte,Cebada,2011-01-01,1540777,3.45,5309930,108,9196,0.0058723567674712
Estados Unidos,USA,América del Norte,Arroz,2011-01-01,1515527,4.16,6310104,54,8532,0.0421162434502412
Estados Unidos,USA,América del Norte,Trigo,2011-01-01,4961874,4.59,22754122,124,2887,-0.0094967692935045
Estados Unidos,USA,América del Norte,Algodón,2011-01-01,746437,3.92,2925948,285,6928,-0.0411870118702115
Estados Unidos,USA,América del Norte,Caña de azúcar,2011-01-01,4183118,72.26,302252772,272,6083,0.0245804826464602
Estados Unidos,USA,América del Norte,Girasol,2011-01-01,1407727,1.76,2473119,99,6724,-0.0148900265042639
Estados Unidos,USA,América del Norte,Té,2011-01-01,80107,1.15,92080,204,3504,0.0260215295546892
Estados Unidos,USA,América del Norte,Maíz,2011-01-01,3111264,10.04,31248261,194,8354,0.0181133478314833
Estados Unidos,USA,América del Norte,Cebada,2012-01-01,1419480,5.5,7808116,210,6179,-0.0349042598606923
Estados Unidos,USA,América del Norte,Arroz,2012-01-01,1803411,6.77,12215610,140,9312,-0.0425809343826712
Estados Unidos,USA,América del Norte,Trigo,2012-01-01,337546,2.32,781498,271,2479,0.0115008388415573
Estados Unidos,USA,América del Norte,Algodón,2012-01-01,1966641,3.47,6826536,60,8368,0.0409049956573664
Estados Unidos,USA,América del Norte,Caña de azúcar,2012-01-01,3222750,70.29,226541491,65,8381,-0.0396498122729608
Estados Unidos,USA,América del Norte,Girasol,2012-01-01,3037060,3.02,9157720,60,5059,0.0207621704323278
Estados Unidos,USA,América del Norte,Té,2012-01-01,291769,1.7,495688,122,7347,-0.0091230602752679
Estados Unidos,USA,América del Norte,Maíz,2012-01-01,972525,7.85,7635622,74,7333,-0.0215853026121886
Estados Unidos,USA,América del Norte,Cebada,2013-01-01,1450111,5.48,7939678,70,3317,0.041674645505712
Estados Unidos,USA,América del Norte,Arroz,2013-01-01,2724671,6.0,16343391,290,2388,-0.0190418112584039
Estados Unidos,USA,América del Norte,Trigo,2013-01-01,2765763,8.07,22326033,239,9624,-0.0406547034933978
Estados Unidos,USA,América del Norte,Algodón,2013-01-01,2225658,1.78,3965714,104,6598,0.0447668267534346
Estados Unidos,USA,América del Norte,Caña de azúcar,2013-01-01,3860287,97.1,374831609,251,2657,0.0007689712724646
Estados Unidos,USA,América del Norte,Girasol,2013-01-01,4520329,1.59,7188568,83,7172,-0.0345747238678878
Estados Unidos,USA,América del Norte,Té,2013-01-01,84451,1.92,161748,234,4891,0.0469588603408624
Estados Unidos,USA,América del Norte,Maíz,2013-01-01,7875390,4.73,37284991,250,8684,0.0403974338137458
Estados Unidos,USA,América del Norte,Cebada,2014-01-01,1369605,6.86,9398163,122,7256,0.0002906691487578
Estados Unidos,USA,América del Norte,Arroz,2014-01-01,692298,6.44,4461103,114,1854,0.0141179036204447
Estados Unidos,USA,América del Norte,Trigo,2014-01-01,5130825,8.29,42525703,81,5670,-0.0416124874628209
Estados Unidos,USA,América del Norte,Algodón,2014-01-01,1800614,3.13,5639302,292,4637,0.03167032558555
Estados Unidos,USA,América del Norte,Caña de azúcar,2014-01-01,503427,78.3,39418652,148,2337,-0.0125087326582232
Estados Unidos,USA,América del Norte,Girasol,2014-01-01,780340,3.66,2858777,85,1627,-0.0213120602686731
Estados Unidos,USA,América del Norte,Té,2014-01-01,79770,2.57,205217,281,2298,-0.0480996115089029
Estados Unidos,USA,América del Norte,Maíz,2014-01-01,2513669,7.53,18917053,78,5720,-0.0262359773359066
Estados Unidos,USA,América del Norte,Cebada,2015-01-01,470886,4.38,2061988,78,9189,0.0096739042818946
Estados Unidos,USA,América del Norte,Arroz,2015-01-01,1971236,5.84,11503705,50,6780,-0.0259435761193456
Estados Unidos,USA,América del Norte,Trigo,2015-01-01,741243,5.51,4087613,189,9312,0.0286412335845317
Estados Unidos,USA,América del Norte,Algodón,2015-01-01,92743,2.23,207071,145,5155,0.0247316591562645
Estados Unidos,USA,América del Norte,Caña de azúcar,2015-01-01,1131248,91.6,103622663,247,6447,-0.0366590410140636
Estados Unidos,USA,América del Norte,Girasol,2015-01-01,2816115,2.95,8303171,168,8840,0.0131735847758337
Estados Unidos,USA,América del Norte,Té,2015-01-01,37181,2.47,91683,101,1717,0.0291109213229043
Estados Unidos,USA,América del Norte,Maíz,2015-01-01,6082617,11.0,66907564,189,8756,-0.0246686234797382
Estados Unidos,USA,América del Norte,Cebada,2016-01-01,450723,3.46,1561657,217,6438,-0.0226783393886126
Estados Unidos,USA,América del Norte,Arroz,2016-01-01,2074784,8.18,16979569,148,6554,0.0473723584315309
Estados Unidos,USA,América del Norte,Trigo,2016-01-01,4316022,4.37,18881779,71,7955,-0.0421072993944532
Estados Unidos,USA,América del Norte,Algodón,2016-01-01,809350,2.14,1731601,219,5843,-0.0193504143909247
Estados Unidos,USA,América del Norte,Caña de azúcar,2016-01-01,7605385,67.34,512167955,236,6776,0.0114851482198764
Estados Unidos,USA,América del Norte,Girasol,2016-01-01,496324,1.67,828592,255,3621,0.0452789396279607
Estados Unidos,USA,América del Norte,Té,2016-01-01,213023,0.96,204149,143,6933,-0.0117145598311222
Estados Unidos,USA,América del Norte,Maíz,2016-01-01,2811278,8.79,24723101,245,2259,0.0073921778333895
Estados Unidos,USA,América del Norte,Cebada,2017-01-01,878533,3.74,3281328,56,4048,-9.560397435331992e-05
Estados Unidos,USA,América del Norte,Arroz,2017-01-01,2355072,5.13,12076480,104,5678,0.0193980641040793
Estados Unidos,USA,América del Norte,Trigo,2017-01-01,2088849,3.08,6427423,280,8292,0.0497262404023041
Estados Unidos,USA,América del Norte,Algodón,2017-01-01,1551080,3.3,5124906,124,5914,0.0351362050753125
Estados Unidos,USA,América del Norte,Caña de azúcar,2017-01-01,3265959,95.73,312653511,101,3275,-0.0263263815713129
Estados Unidos,USA,América del Norte,Girasol,2017-01-01,3138794,2.7,8463505,191,3126,0.011194836262052
Estados Unidos,USA,América del Norte,Té,2017-01-01,145612,1.94,282443,155,7708,0.032333939950839
Estados Unidos,USA,América del Norte,Maíz,2017-01-01,4829549,7.74,37396696,138,3102,0.0377960151650411
Estados Unidos,USA,América del Norte,Cebada,2018-01-01,1565754,4.48,7020665,178,1907,0.0331390806467541
Estados Unidos,USA,América del Norte,Arroz,2018-01-01,1347592,4.44,5979789,138,9501,0.0394925916821124
Estados Unidos,USA,América del Norte,Trigo,2018-01-01,2531674,3.5,8870010,210,5961,0.0114428278308198
Estados Unidos,USA,América del Norte,Algodón,2018-01-01,2380383,1.59,3780271,218,6531,0.0342530004113389
Estados Unidos,USA,América del Norte,Caña de azúcar,2018-01-01,518763,82.73,42919275,117,4453,0.0266959000916311
Estados Unidos,USA,América del Norte,Girasol,2018-01-01,265813,2.46,653243,294,5949,-0.001705518182458
Estados Unidos,USA,América del Norte,Té,2018-01-01,250502,1.15,287538,162,7809,-0.001574886989264
Estados Unidos,USA,América del Norte,Maíz,2018-01-01,2320189,6.04,14008334,270,6658,0.047537412791488
Estados Unidos,USA,América del Norte,Cebada,2019-01-01,692271,3.34,2314849,81,5382,-0.0050403988004335
Estados Unidos,USA,América del Norte,Arroz,2019-01-01,197640,4.81,949799,113,3616,0.0313477846439449
Estados Unidos,USA,América del Norte,Trigo,2019-01-01,3350284,3.11,10435086,169,9171,0.0379075663600418
Estados Unidos,USA,América del Norte,Algodón,2019-01-01,399791,4.38,1751980,105,6781,-0.0451341867070344
Estados Unidos,USA,América del Norte,Caña de azúcar,2019-01-01,7492961,54.67,409650994,84,5333,0.0227508063359391
Estados Unidos,USA,América del Norte,Girasol,2019-01-01,3622258,1.33,4814466,142,5728,-0.0426468250257158
Estados Unidos,USA,América del Norte,Té,2019-01-01,302617,1.97,594773,80,3108,0.0475082815413784
Estados Unidos,USA,América del Norte,Maíz,2019-01-01,5773045,5.84,33693619,204,9341,-0.0098612915723935
Estados Unidos,USA,América del Norte,Cebada,2020-01-01,72231,2.76,199266,166,3440,0.0106260522403804
Estados Unidos,USA,América del Norte,Arroz,2020-01-01,1467721,6.1,8951028,207,5902,0.0093724655630986
Estados Unidos,USA,América del Norte,Trigo,2020-01-01,4531938,5.29,23972607,258,1272,-0.013164219013423
Estados Unidos,USA,América del Norte,Algodón,2020-01-01,2007293,3.29,6595382,226,1436,0.0096909615953193
Estados Unidos,USA,América del Norte,Caña de azúcar,2020-01-01,9081402,105.62,959203855,93,9589,0.0129025241145363
Estados Unidos,USA,América del Norte,Girasol,2020-01-01,3568661,1.65,5905368,292,2800,-0.0309215672173072
Estados Unidos,USA,América del Norte,Té,2020-01-01,224618,1.36,306478,248,8726,0.037281770891232
Estados Unidos,USA,América del Norte,Maíz,2020-01-01,1352354,8.15,11016129,219,8837,0.0025477151400035
India,IND,Asia,Girasol,2011-01-01,2269062,2.2,5000849,192,5890,-0.0275132962007183
India,IND,Asia,Trigo,2011-01-01,2588659,7.58,19620529,175,6194,-0.0020196576797938
India,IND,Asia,Caña de azúcar,2011-01-01,4634750,80.57,373416731,279,7464,0.0318377460130562
India,IND,Asia,Cebada,2011-01-01,1739332,2.8,4864842,70,6674,0.042400963188988
India,IND,Asia,Café,2011-01-01,397847,1.3,516902,288,5450,-0.0362727045199077
India,IND,Asia,Algodón,2011-01-01,2492941,1.58,3939970,107,4814,-0.0447508893160537
India,IND,Asia,Té,2011-01-01,248340,1.13,281510,190,3587,-0.0093092548453116
India,IND,Asia,Arroz,2011-01-01,2058871,5.44,11209388,132,5676,0.0145897917890269
India,IND,Asia,Girasol,2012-01-01,799566,2.68,2145640,267,1611,0.0413229725669852
India,IND,Asia,Trigo,2012-01-01,1461191,6.82,9962430,251,9116,-0.0313688368077511
India,IND,Asia,Caña de azúcar,2012-01-01,5037771,92.35,465219356,77,6489,-0.0215438347649953
India,IND,Asia,Cebada,2012-01-01,1212791,4.46,5409411,179,8668,-0.0227162918502007
India,IND,Asia,Café,2012-01-01,181574,0.75,136605,97,1230,0.0236617895492256
India,IND,Asia,Algodón,2012-01-01,2480612,2.74,6797942,213,7643,0.0326989825276309
India,IND,Asia,Té,2012-01-01,46506,1.73,80375,172,6301,0.0435825387001388
India,IND,Asia,Arroz,2012-01-01,1555805,5.89,9164387,127,1187,-0.0238446849184607
India,IND,Asia,Girasol,2013-01-01,1980186,1.3,2567206,153,9233,0.0423106013947117
India,IND,Asia,Trigo,2013-01-01,2825741,7.34,20739361,144,4618,-0.0280871399064656
India,IND,Asia,Caña de azúcar,2013-01-01,2478284,100.41,248848979,229,9998,0.0412796888283104
India,IND,Asia,Cebada,2013-01-01,1778952,3.96,7038627,243,2341,0.0025506656220167
India,IND,Asia,Café,2013-01-01,194368,0.58,113619,190,9281,-0.0297843221033352
India,IND,Asia,Algodón,2013-01-01,709464,1.77,1255882,102,9008,-0.0409058355548312
India,IND,Asia,Té,2013-01-01,30162,1.89,57070,64,8575,0.0172767712227369
India,IND,Asia,Arroz,2013-01-01,99921,6.28,627055,198,2196,-0.0454710197272171
India,IND,Asia,Girasol,2014-01-01,538836,2.38,1282312,289,8734,-0.0468265128976921
India,IND,Asia,Trigo,2014-01-01,1158110,8.2,9497254,157,7135,0.0492856598580879
India,IND,Asia,Caña de azúcar,2014-01-01,6321138,92.87,587048732,188,3178,0.0153534098418701
India,IND,Asia,Cebada,2014-01-01,375339,5.08,1906711,300,4648,0.0334821611668715
India,IND,Asia,Café,2014-01-01,168945,1.52,256066,147,4762,-0.0252487961496224
India,IND,Asia,Algodón,2014-01-01,1148704,1.94,2232831,58,7868,0.0114923207208912
India,IND,Asia,Té,2014-01-01,9673,1.26,12182,164,1797,-0.0255265848781607
India,IND,Asia,Arroz,2014-01-01,1722902,4.63,7970650,64,3295,0.0003895848940934
India,IND,Asia,Girasol,2015-01-01,4710171,2.34,11005432,132,4881,-0.0198235564855796
India,IND,Asia,Trigo,2015-01-01,4117779,2.66,10943711,292,3869,0.012599313764833
India,IND,Asia,Caña de azúcar,2015-01-01,8381903,61.44,514954770,147,9592,-0.0181265542683687
India,IND,Asia,Cebada,2015-01-01,319231,3.14,1001124,111,4692,-0.0199263581204852
India,IND,Asia,Café,2015-01-01,457036,1.14,522375,156,9683,-0.0365907248940922
India,IND,Asia,Algodón,2015-01-01,824680,1.63,1344769,144,2514,0.0035635536347215
India,IND,Asia,Té,2015-01-01,30603,1.69,51855,273,2192,-0.0311836706067244
India,IND,Asia,Arroz,2015-01-01,3091241,6.25,19331936,135,5967,0.0457019760526673
India,IND,Asia,Girasol,2016-01-01,1427604,3.33,4760540,172,4974,0.0195626285704981
India,IND,Asia,Trigo,2016-01-01,3664040,8.28,30334016,147,8639,0.0033650127416263
India,IND,Asia,Caña de azúcar,2016-01-01,4344791,93.11,404547795,255,8692,0.0261628969309711
India,IND,Asia,Cebada,2016-01-01,420777,3.74,1571815,106,3390,-0.0483780098998739
India,IND,Asia,Café,2016-01-01,321602,1.44,461947,134,4768,-0.0120160225258845
India,IND,Asia,Algodón,2016-01-01,2387357,2.97,7090899,245,9005,0.0466508267250343
India,IND,Asia,Té,2016-01-01,276973,2.01,556002,85,9954,-0.0011683678745867
India,IND,Asia,Arroz,2016-01-01,2661735,8.31,22106129,264,2217,0.0445188111200898
India,IND,Asia,Girasol,2017-01-01,69762,2.43,169546,231,3474,-0.0490858538309338
India,IND,Asia,Trigo,2017-01-01,3269093,2.82,9210226,283,8916,0.0159284341989862
India,IND,Asia,Caña de azúcar,2017-01-01,7803917,75.58,589831029,120,9777,0.0477479348232511
India,IND,Asia,Cebada,2017-01-01,1493881,5.44,8125409,95,2753,0.0418048844459011
India,IND,Asia,Café,2017-01-01,132985,0.98,130017,118,7502,-0.0420980756185564
India,IND,Asia,Algodón,2017-01-01,2341234,2.96,6926238,225,2320,0.0153735719559153
India,IND,Asia,Té,2017-01-01,20051,1.15,23009,64,1154,0.0202845150019106
India,IND,Asia,Arroz,2017-01-01,1636135,6.33,10351276,299,2562,0.0394791212142699
India,IND,Asia,Girasol,2018-01-01,2378260,2.46,5856333,171,5441,-0.0453438029258256
India,IND,Asia,Trigo,2018-01-01,2080014,6.52,13563868,287,6152,-0.0484341904808065
India,IND,Asia,Caña de azúcar,2018-01-01,2247959,110.6,248624083,69,5903,-0.0337549749285294
India,IND,Asia,Cebada,2018-01-01,1646453,5.93,9766649,148,3292,0.0290498085234149
India,IND,Asia,Café,2018-01-01,47246,1.55,73103,161,4803,0.0338674657613174
India,IND,Asia,Algodón,2018-01-01,2519068,4.01,10098800,57,5478,0.0283548138980462
India,IND,Asia,Té,2018-01-01,122560,1.97,241747,224,7227,-0.0414305882363264
India,IND,Asia,Arroz,2018-01-01,1138520,4.58,5217314,232,3527,0.0239655288976594
India,IND,Asia,Girasol,2019-01-01,870483,1.95,1696050,244,5419,-0.0397768585886754
India,IND,Asia,Trigo,2019-01-01,3154622,4.66,14711643,56,2468,-0.0146085712654741
India,IND,Asia,Caña de azúcar,2019-01-01,4744475,87.68,416010087,249,2387,0.0224843844034791
India,IND,Asia,Cebada,2019-01-01,552172,3.77,2080073,85,5405,-0.0198868734624931
India,IND,Asia,Café,2019-01-01,35628,0.71,25438,250,2260,-0.0138875087710471
India,IND,Asia,Algodón,2019-01-01,3344476,2.57,8597231,84,5991,-0.0493232630574528
India,IND,Asia,Té,2019-01-01,199284,2.31,460311,258,3230,-0.0199564715320876
India,IND,Asia,Arroz,2019-01-01,3204997,4.85,15557864,297,6228,-0.0208551848419946
India,IND,Asia,Girasol,2020-01-01,4779830,3.62,17318883,121,7437,-0.0134984462604762
India,IND,Asia,Trigo,2020-01-01,2205280,5.96,13150041,190,1440,0.0453004611486296
India,IND,Asia,Caña de azúcar,2020-01-01,3637515,83.68,304385879,259,7703,0.017297765239554
India,IND,Asia,Cebada,2020-01-01,561344,3.79,2127121,252,7176,-0.0426034864417711
India,IND,Asia,Café,2020-01-01,337485,1.9,641811,272,7853,0.0043645203387477
India,IND,Asia,Algodón,2020-01-01,1835936,3.59,6592976,284,2392,-0.0390630574755713
India,IND,Asia,Té,2020-01-01,172937,1.42,245424,215,7547,0.0466811133568605
India,IND,Asia,Arroz,2020-01-01,1754316,3.32,5828338,241,9499,0.005799341634302
China,CHN,Asia,Té,2011-01-01,261190,1.33,347464,79,3321,-0.0151671347678524
China,CHN,Asia,Arroz,2011-01-01,875165,4.59,4021333,234,8412,-0.0181090525782299
China,CHN,Asia,Caña de azúcar,2011-01-01,1931131,50.76,98033799,254,3692,0.0429922446488592
China,CHN,Asia,Trigo,2011-01-01,4422500,2.68,11851403,295,8570,-0.0268144452588589
China,CHN,Asia,Café,2011-01-01,97729,0.9,87822,238,4232,-0.005042498862592
China,CHN,Asia,Girasol,2011-01-01,47398,2.76,130884,257,2025,0.0077347905201852
China,CHN,Asia,Soja,2011-01-01,4644712,2.64,12261231,117,9019,0.0027715019627782
China,CHN,Asia,Cebada,2011-01-01,1271965,3.27,4155217,140,8501,0.0117362679336424
China,CHN,Asia,Té,2012-01-01,162985,3.09,503866,130,2931,-0.0261427273561209
China,CHN,Asia,Arroz,2012-01-01,1531472,5.96,9122751,85,7286,-0.0076961217926787
China,CHN,Asia,Caña de azúcar,2012-01-01,9104123,123.63,1125569194,192,3733,-0.0010357973807791
China,CHN,Asia,Trigo,2012-01-01,2590284,8.2,21237643,293,1157,-0.0015391080554316
China,CHN,Asia,Café,2012-01-01,198173,2.43,481415,225,9056,-0.0084369564725888
China,CHN,Asia,Girasol,2012-01-01,4292269,2.05,8797410,106,5785,-0.0467304913141929
China,CHN,Asia,Soja,2012-01-01,2428440,2.99,7263071,246,9115,0.0049726184538051
China,CHN,Asia,Cebada,2012-01-01,237546,4.01,953002,188,1681,0.0260004130892308
China,CHN,Asia,Té,2013-01-01,115793,2.75,318873,242,5055,-0.0202291064897106
China,CHN,Asia,Arroz,2013-01-01,2071946,4.8,9951397,271,2923,0.0275631649880773
China,CHN,Asia,Caña de azúcar,2013-01-01,9634196,119.82,1154381363,159,3719,0.0116151199782155
China,CHN,Asia,Trigo,2013-01-01,1859291,7.09,13186433,202,9827,-0.0331622635396915
China,CHN,Asia,Café,2013-01-01,168227,1.08,182249,280,2560,-0.036441109357199
China,CHN,Asia,Girasol,2013-01-01,3647762,4.43,16177539,82,3174,-0.025032275806186
China,CHN,Asia,Soja,2013-01-01,7331881,3.3,24173528,86,5402,0.0127812820778974
China,CHN,Asia,Cebada,2013-01-01,162761,4.77,776624,181,5558,0.0194703615727544
China,CHN,Asia,Té,2014-01-01,262525,2.3,603049,248,2526,0.0230931937487053
China,CHN,Asia,Arroz,2014-01-01,2828444,7.56,21385952,151,4568,0.0468128580075823
China,CHN,Asia,Caña de azúcar,2014-01-01,9038849,81.92,740438928,197,3139,0.006614211091714
China,CHN,Asia,Trigo,2014-01-01,2953369,7.03,20759381,210,8529,-0.0483718647627255
China,CHN,Asia,Café,2014-01-01,93062,1.26,117115,101,3161,0.0382147764041998
China,CHN,Asia,Girasol,2014-01-01,2263661,1.39,3153321,220,3711,-0.0448212724951345
China,CHN,Asia,Soja,2014-01-01,6421797,3.65,23418954,230,2559,-0.0498913696308276
China,CHN,Asia,Cebada,2014-01-01,287667,4.54,1305275,52,6629,0.0317109026913298
China,CHN,Asia,Té,2015-01-01,256520,2.17,557752,72,2678,-0.0396798466791574
China,CHN,Asia,Arroz,2015-01-01,1254940,5.27,6608017,84,3340,-0.0431588392477421
China,CHN,Asia,Caña de azúcar,2015-01-01,2878085,97.71,281215400,88,7745,0.0116076012600706
China,CHN,Asia,Trigo,2015-01-01,1861984,2.28,4241102,200,7291,-0.014846435961687
China,CHN,Asia,Café,2015-01-01,418815,0.62,260308,191,5668,0.0278969652513259
China,CHN,Asia,Girasol,2015-01-01,2730337,1.81,4932350,150,5842,0.0146169774640866
China,CHN,Asia,Soja,2015-01-01,7377577,3.89,28692208,177,2163,0.0028286500936184
China,CHN,Asia,Cebada,2015-01-01,878914,5.45,4791882,195,7895,-0.0134587537151901
China,CHN,Asia,Té,2016-01-01,269207,2.76,741964,67,1225,-0.0237814722837932
China,CHN,Asia,Arroz,2016-01-01,236390,6.15,1452861,232,9209,0.0267110000665724
China,CHN,Asia,Caña de azúcar,2016-01-01,6807040,68.19,464169709,121,2369,-0.0190093114383358
China,CHN,Asia,Trigo,2016-01-01,1782936,6.41,11433534,200,2083,-0.0189830506602854
China,CHN,Asia,Café,2016-01-01,449818,0.99,444941,79,8428,0.0112296794420722
China,CHN,Asia,Girasol,2016-01-01,1336372,2.0,2669201,91,9133,0.0453016201754697
China,CHN,Asia,Soja,2016-01-01,6866178,3.6,24730989,241,5403,0.0232935837555041
China,CHN,Asia,Cebada,2016-01-01,1737707,2.72,4731015,66,5308,0.0212323248200495
China,CHN,Asia,Té,2017-01-01,43503,1.73,75435,269,3734,-0.0132312222143188
China,CHN,Asia,Arroz,2017-01-01,419700,6.32,2653907,239,9336,-0.0497431493967489
China,CHN,Asia,Caña de azúcar,2017-01-01,253342,71.24,18047536,88,3932,0.0431160077157185
China,CHN,Asia,Trigo,2017-01-01,5456740,7.75,42279937,107,6272,-0.0251736816642756
China,CHN,Asia,Café,2017-01-01,201664,0.83,168072,178,1862,-0.0320655649727694
China,CHN,Asia,Girasol,2017-01-01,454724,2.79,1269114,122,6090,-0.0172699078273881
China,CHN,Asia,Soja,2017-01-01,123256,3.22,397037,239,4974,-0.00360733094195
China,CHN,Asia,Cebada,2017-01-01,1111442,7.12,7910729,189,5016,-0.034943362320678
China,CHN,Asia,Té,2018-01-01,16083,1.52,24383,274,1157,0.0450990262143443
China,CHN,Asia,Arroz,2018-01-01,2355408,5.29,12466890,102,9680,0.0483115741894897
China,CHN,Asia,Caña de azúcar,2018-01-01,1022944,94.72,96897113,61,4792,0.0397287471931459
China,CHN,Asia,Trigo,2018-01-01,3298526,5.35,17641712,179,3187,0.0137215680032692
China,CHN,Asia,Café,2018-01-01,310620,1.81,563765,110,5778,-0.0239009061076389
China,CHN,Asia,Girasol,2018-01-01,3195579,3.0,9590952,119,4827,-0.042531256419752
China,CHN,Asia,Soja,2018-01-01,6089943,3.01,18301075,165,8635,-0.0185966712187882
China,CHN,Asia,Cebada,2018-01-01,675906,4.89,3305596,117,2964,-0.0409579111951475
China,CHN,Asia,Té,2019-01-01,191851,2.47,473306,263,6370,-0.03516762026309
China,CHN,Asia,Arroz,2019-01-01,1725992,4.0,6896976,259,3848,-0.046891790664124
China,CHN,Asia,Caña de azúcar,2019-01-01,7611704,83.65,636724571,76,3290,-0.0378546744495951
China,CHN,Asia,Trigo,2019-01-01,1616415,3.02,4888424,211,2376,0.0082323801414063
China,CHN,Asia,Café,2019-01-01,400731,0.71,283947,215,8265,0.0309298665291007
China,CHN,Asia,Girasol,2019-01-01,2427346,1.78,4313175,286,8096,0.0321685401532283
China,CHN,Asia,Soja,2019-01-01,296646,3.03,899069,282,4066,-0.0225018230975757
China,CHN,Asia,Cebada,2019-01-01,323320,2.54,820195,125,9173,-0.0088007793703834
China,CHN,Asia,Té,2020-01-01,35001,1.09,38266,214,9614,-0.0250852244863254
China,CHN,Asia,Arroz,2020-01-01,3069096,8.28,25412303,141,8859,0.0044517806034051
China,CHN,Asia,Caña de azúcar,2020-01-01,9910030,77.85,771463505,131,4588,-0.0470696539463365
China,CHN,Asia,Trigo,2020-01-01,2912319,2.84,8267307,246,4813,0.0473979861733502
China,CHN,Asia,Café,2020-01-01,296959,1.08,321465,238,1916,0.0264049723717511
China,CHN,Asia,Girasol,2020-01-01,6340629,3.42,21667266,264,3846,-0.0323899632420009
China,CHN,Asia,Soja,2020-01-01,7497946,3.85,28902024,230,6761,0.0447558735070015
China,CHN,Asia,Cebada,2020-01-01,1286586,7.22,9286449,298,9064,0.0042124601520993
Francia,FRA,Europa,Trigo,2011-01-01,25895,4.56,117982,137,3907,0.0418780787307206
Francia,FRA,Europa,Caña de azúcar,2011-01-01,5559740,57.97,322291162,86,2817,0.0346480887579134
Francia,FRA,Europa,Maíz,2011-01-01,1347210,6.4,8623163,75,6514,-0.019823484627453
Francia,FRA,Europa,Café,2011-01-01,82475,2.0,164546,174,6198,-0.0325797329044469
Francia,FRA,Europa,Algodón,2011-01-01,2996868,3.67,11001262,220,3872,-0.0121615891852801
Francia,FRA,Europa,Soja,2011-01-01,2562682,3.41,8743027,292,7415,0.0350756965535008
Francia,FRA,Europa,Cebada,2011-01-01,1217255,3.06,3729649,297,4619,0.0139646772783623
Francia,FRA,Europa,Girasol,2011-01-01,4110573,1.8,7408674,131,3750,0.0136186770240368
Francia,FRA,Europa,Trigo,2012-01-01,2998434,3.92,11758877,67,6742,-0.0243342058457285
Francia,FRA,Europa,Caña de azúcar,2012-01-01,30581,59.86,1830466,92,7783,-0.0006918006526152
Francia,FRA,Europa,Maíz,2012-01-01,9241058,6.92,63939999,197,4695,-0.0337343488251511
Francia,FRA,Europa,Café,2012-01-01,430040,0.43,182849,76,2215,-0.015819179885011
Francia,FRA,Europa,Algodón,2012-01-01,713460,3.64,2600560,73,6536,0.0094030544052094
Francia,FRA,Europa,Soja,2012-01-01,4187540,3.98,16653198,205,8113,-0.0342896222669215
Francia,FRA,Europa,Cebada,2012-01-01,423140,5.79,2449296,286,9849,-0.0234735230650023
Francia,FRA,Europa,Girasol,2012-01-01,1979041,1.64,3252517,175,3516,-0.0445495148294948
Francia,FRA,Europa,Trigo,2013-01-01,711089,4.13,2938255,101,2589,-0.0474264307268314
Francia,FRA,Europa,Caña de azúcar,2013-01-01,4739070,103.83,492063129,250,7512,-0.002905554705041
Francia,FRA,Europa,Maíz,2013-01-01,4891914,3.35,16398589,276,7249,-0.0130598335068055
Francia,FRA,Europa,Café,2013-01-01,139998,1.38,192528,194,2009,-0.034886932557646
Francia,FRA,Europa,Algodón,2013-01-01,429131,1.19,512051,298,4727,0.0053601906157908
Francia,FRA,Europa,Soja,2013-01-01,7382666,4.44,32789867,289,8779,0.0072714290631218
Francia,FRA,Europa,Cebada,2013-01-01,616290,3.43,2114426,178,9467,0.0300450336720685
Francia,FRA,Europa,Girasol,2013-01-01,1299511,1.73,2249765,92,4471,0.0308460721319363
Francia,FRA,Europa,Trigo,2014-01-01,3379919,2.41,8159385,260,3422,0.0334108118676004
Francia,FRA,Europa,Caña de azúcar,2014-01-01,1102376,67.73,74667888,269,5525,0.0019688177542069
Francia,FRA,Europa,Maíz,2014-01-01,340482,8.98,3059212,157,2843,-0.0085557601231021
Francia,FRA,Europa,Café,2014-01-01,293964,1.74,510944,77,2654,0.0285745630309677
Francia,FRA,Europa,Algodón,2014-01-01,1587424,3.44,5466572,196,8750,-0.0462534329502286
Francia,FRA,Europa,Soja,2014-01-01,1225700,3.89,4766252,151,6431,0.0190513754170978
Francia,FRA,Europa,Cebada,2014-01-01,933176,5.68,5297900,259,5965,-0.0189050702152053
Francia,FRA,Europa,Girasol,2014-01-01,910255,2.89,2627318,240,8259,0.0274030900193924
Francia,FRA,Europa,Trigo,2015-01-01,3447131,4.62,15935062,283,7671,0.0240944798920007
Francia,FRA,Europa,Caña de azúcar,2015-01-01,6868529,98.68,677798895,129,9303,-0.0096614858987556
Francia,FRA,Europa,Maíz,2015-01-01,9775158,6.75,65937535,263,4288,0.0336976677608695
Francia,FRA,Europa,Café,2015-01-01,231402,0.52,119476,144,8605,0.0005126374937163
Francia,FRA,Europa,Algodón,2015-01-01,556166,2.72,1512868,164,3909,0.0460520378280287
Francia,FRA,Europa,Soja,2015-01-01,4762741,3.1,14748171,241,2480,-0.0214930623565238
Francia,FRA,Europa,Cebada,2015-01-01,345478,5.58,1927653,106,4688,0.017769524609097
Francia,FRA,Europa,Girasol,2015-01-01,3333903,3.3,11004498,224,1145,-0.0025902793470655
Francia,FRA,Europa,Trigo,2016-01-01,1358516,4.17,5664819,256,6004,0.0212740488104704
Francia,FRA,Europa,Caña de azúcar,2016-01-01,5076769,77.52,393559386,114,4575,-0.0033301984502784
Francia,FRA,Europa,Maíz,2016-01-01,7345376,6.55,48090842,297,7131,0.00614571172546
Francia,FRA,Europa,Café,2016-01-01,158090,0.8,127098,120,6327,0.036149160025183
Francia,FRA,Europa,Algodón,2016-01-01,2865234,3.71,10623762,182,4937,0.0399687044745494
Francia,FRA,Europa,Soja,2016-01-01,7648388,3.75,28662861,85,1417,0.0155400570462441
Francia,FRA,Europa,Cebada,2016-01-01,655118,5.85,3829336,199,4111,-0.0156832950364426
Francia,FRA,Europa,Girasol,2016-01-01,4934310,3.11,15361424,141,9311,-0.0199805171449339
Francia,FRA,Europa,Trigo,2017-01-01,4337131,2.3,9979225,116,3999,0.0446923380193951
Francia,FRA,Europa,Caña de azúcar,2017-01-01,1792527,72.49,129934281,157,6428,-0.0128317570235138
Francia,FRA,Europa,Maíz,2017-01-01,8406925,9.83,82606555,199,2166,-0.0027780317593916
Francia,FRA,Europa,Café,2017-01-01,59367,2.0,118758,63,3470,-0.0362634740826876
Francia,FRA,Europa,Algodón,2017-01-01,1604508,5.25,8429029,86,6183,0.0362393943337116
Francia,FRA,Europa,Soja,2017-01-01,673748,3.3,2225200,212,1950,-0.0495286498576006
Francia,FRA,Europa,Cebada,2017-01-01,1531785,4.82,7377694,251,2442,-0.0370594042431714
Francia,FRA,Europa,Girasol,2017-01-01,3654984,2.64,9650519,59,9745,-0.0300585748771883
Francia,FRA,Europa,Trigo,2018-01-01,136608,8.18,1117844,54,1067,0.0126686928671622
Francia,FRA,Europa,Caña de azúcar,2018-01-01,5446391,66.28,360992294,128,3736,-0.0434712977529735
Francia,FRA,Europa,Maíz,2018-01-01,4315885,6.29,27133498,161,3192,-0.015726716074244
Francia,FRA,Europa,Café,2018-01-01,230829,1.94,448625,257,7609,-0.048087526687668
Francia,FRA,Europa,Algodón,2018-01-01,517471,1.32,684620,81,7006,0.021111009009585
Francia,FRA,Europa,Soja,2018-01-01,3734645,3.88,14481520,62,1785,0.0161969915837894
Francia,FRA,Europa,Cebada,2018-01-01,51321,2.22,113980,81,9966,-0.0247261706930426
Francia,FRA,Europa,Girasol,2018-01-01,1954569,2.86,5589285,219,2654,0.0162482965888896
Francia,FRA,Europa,Trigo,2019-01-01,1103872,5.25,5796128,208,2928,-0.0217293231829907
Francia,FRA,Europa,Caña de azúcar,2019-01-01,9924801,58.78,583398817,183,4304,-0.0142078163449192
Francia,FRA,Europa,Maíz,2019-01-01,2802897,2.98,8364455,288,8875,-0.0169396383803298
Francia,FRA,Europa,Café,2019-01-01,294790,0.59,172477,176,3443,0.0449446015731116
Francia,FRA,Europa,Algodón,2019-01-01,378722,2.47,935387,109,8483,0.0488665930757604
Francia,FRA,Europa,Soja,2019-01-01,3763862,3.25,12248712,268,5760,-0.0139785335946112
Francia,FRA,Europa,Cebada,2019-01-01,1016661,4.59,4667702,61,1158,0.0351998725074488
Francia,FRA,Europa,Girasol,2019-01-01,1620329,2.84,4599763,118,2522,-0.0127377846725551
Francia,FRA,Europa,Trigo,2020-01-01,947329,4.86,4605855,148,8835,0.029989909694895
Francia,FRA,Europa,Caña de azúcar,2020-01-01,3177698,62.49,198565980,291,3611,-0.039628689426163
Francia,FRA,Europa,Maíz,2020-01-01,10551668,8.35,88085375,147,6875,0.0111358419275404
Francia,FRA,Europa,Café,2020-01-01,581127,2.3,1338017,285,8997,-0.0387062520626232
Francia,FRA,Europa,Algodón,2020-01-01,198939,1.08,214634,272,9598,0.026752871828991
Francia,FRA,Europa,Soja,2020-01-01,5229927,3.88,20268918,182,9570,0.0188241643462927
Francia,FRA,Europa,Cebada,2020-01-01,1017381,4.13,4203011,223,7305,-0.0351345547742895
Francia,FRA,Europa,Girasol,2020-01-01,577596,1.79,1034442,170,9123,0.0369415634612767
Alemania,DEU,Europa,Soja,2011-01-01,5398254,3.21,17310419,163,8341,-0.0411980138297459
Alemania,DEU,Europa,Caña de azúcar,2011-01-01,5338785,70.14,374446753,76,7609,-0.008766145232445
Alemania,DEU,Europa,Girasol,2011-01-01,11512,4.01,46148,213,5990,0.0390110898825062
Alemania,DEU,Europa,Té,2011-01-01,241629,2.38,573983,107,8445,-0.0168027374445268
Alemania,DEU,Europa,Trigo,2011-01-01,4062211,5.87,23847803,74,4633,-0.0497803052206657
Alemania,DEU,Europa,Café,2011-01-01,332472,2.24,745221,229,2741,-0.0454221890144965
Alemania,DEU,Europa,Maíz,2011-01-01,2427380,9.34,22672727,115,4209,-0.0312456599468396
Alemania,DEU,Europa,Cebada,2011-01-01,850939,3.34,2838516,136,2765,0.0257149341810273
Alemania,DEU,Europa,Soja,2012-01-01,5174134,4.68,24195335,165,8493,0.0158456695000202
Alemania,DEU,Europa,Caña de azúcar,2012-01-01,2396761,101.16,242465865,191,8091,0.0338816110678916
Alemania,DEU,Europa,Girasol,2012-01-01,4309725,3.77,16246391,94,3103,-0.0396446038876432
Alemania,DEU,Europa,Té,2012-01-01,173624,2.19,380432,284,5067,-0.0226404120043888
Alemania,DEU,Europa,Trigo,2012-01-01,2629886,3.92,10308998,229,9393,-0.0201086865044575
Alemania,DEU,Europa,Café,2012-01-01,465996,1.25,584593,105,4291,-0.0290287303744498
Alemania,DEU,Europa,Maíz,2012-01-01,6079788,8.57,52096663,299,3913,0.0003893439043249
Alemania,DEU,Europa,Cebada,2012-01-01,701274,5.61,3933606,199,7839,0.0174243485539173
Alemania,DEU,Europa,Soja,2013-01-01,4872539,3.82,18623769,183,2744,-0.0474727858745527
Alemania,DEU,Europa,Caña de azúcar,2013-01-01,923474,71.14,65698549,123,5105,-0.0353571609859304
Alemania,DEU,Europa,Girasol,2013-01-01,2361916,1.86,4386555,165,2679,0.0116108833760286
Alemania,DEU,Europa,Té,2013-01-01,307453,3.05,937549,110,9370,0.0284307172870886
Alemania,DEU,Europa,Trigo,2013-01-01,2581351,4.86,12552324,156,6122,0.0465833213568662
Alemania,DEU,Europa,Café,2013-01-01,370947,1.14,422736,272,8259,0.0329983481955144
Alemania,DEU,Europa,Maíz,2013-01-01,6763106,8.7,58852779,248,4170,-0.0205822278195508
Alemania,DEU,Europa,Cebada,2013-01-01,1389206,3.5,4865054,80,7180,-0.0459365767028124
Alemania,DEU,Europa,Soja,2014-01-01,2212295,2.64,5847509,134,8640,0.0209689296316314
Alemania,DEU,Europa,Caña de azúcar,2014-01-01,2464081,130.07,320503951,210,5934,-0.0009449058846323
Alemania,DEU,Europa,Girasol,2014-01-01,3119278,1.8,5602407,294,4012,0.0020606287331703
Alemania,DEU,Europa,Té,2014-01-01,90740,1.63,148035,106,4495,0.0163334476440276
Alemania,DEU,Europa,Trigo,2014-01-01,2448628,3.68,9007544,193,1144,-0.0385278048597734
Alemania,DEU,Europa,Café,2014-01-01,125645,2.5,314329,295,1653,0.0182551360768527
Alemania,DEU,Europa,Maíz,2014-01-01,1970628,5.42,10671889,283,9468,0.0322109064239966
Alemania,DEU,Europa,Cebada,2014-01-01,1680186,4.0,6717294,216,4154,-0.0179687242851445
Alemania,DEU,Europa,Soja,2015-01-01,789168,3.39,2675561,51,2072,-0.0289218525064475
Alemania,DEU,Europa,Caña de azúcar,2015-01-01,3797050,95.61,363043576,187,8130,0.0146561159318345
Alemania,DEU,Europa,Girasol,2015-01-01,1484901,1.45,2151027,68,1889,-0.0322007836444565
Alemania,DEU,Europa,Té,2015-01-01,36065,1.78,64087,149,8391,0.0130217264625787
Alemania,DEU,Europa,Trigo,2015-01-01,163030,3.13,510303,234,2036,0.0255960596695177
Alemania,DEU,Europa,Café,2015-01-01,385881,2.07,800024,124,5937,0.010656584118683
Alemania,DEU,Europa,Maíz,2015-01-01,7225117,5.5,39734991,90,9740,-0.0280134274539489
Alemania,DEU,Europa,Cebada,2015-01-01,1826359,6.13,11198736,86,5883,0.0177289045505062
Alemania,DEU,Europa,Soja,2016-01-01,7824449,5.1,39906614,52,3316,-0.0376764841066501
Alemania,DEU,Europa,Caña de azúcar,2016-01-01,5874725,102.35,601271048,241,6633,-0.0288263057078015
Alemania,DEU,Europa,Girasol,2016-01-01,5006056,1.61,8079622,114,4183,-0.0385377457876816
Alemania,DEU,Europa,Té,2016-01-01,322978,3.48,1125495,190,8557,0.0144674513859038
Alemania,DEU,Europa,Trigo,2016-01-01,530001,3.15,1671878,293,6420,-0.0142861640988177
Alemania,DEU,Europa,Café,2016-01-01,134399,0.82,110423,131,8960,-0.0049354021785065
Alemania,DEU,Europa,Maíz,2016-01-01,5577029,6.9,38469124,256,6182,0.0458658921929503
Alemania,DEU,Europa,Cebada,2016-01-01,617228,3.2,1976410,161,5533,0.0340110058780655
Alemania,DEU,Europa,Soja,2017-01-01,5644663,3.09,17421273,248,6004,-0.0013028617563308
Alemania,DEU,Europa,Caña de azúcar,2017-01-01,1250135,112.72,140910944,187,4218,-0.0236765349406416
Alemania,DEU,Europa,Girasol,2017-01-01,770718,3.78,2910842,211,1511,0.031264239983179
Alemania,DEU,Europa,Té,2017-01-01,119253,2.91,346798,188,8734,0.0153908139282444
Alemania,DEU,Europa,Trigo,2017-01-01,3031845,3.96,12013771,124,3193,-0.0035298857829547
Alemania,DEU,Europa,Café,2017-01-01,217241,0.91,197697,296,3717,0.025720607127351
Alemania,DEU,Europa,Maíz,2017-01-01,2529076,5.26,13296633,297,3395,0.0235919808834824
Alemania,DEU,Europa,Cebada,2017-01-01,779864,2.68,2092322,117,7052,-0.026598133114868
Alemania,DEU,Europa,Soja,2018-01-01,4889234,4.04,19746956,166,1760,-0.0460095301415102
Alemania,DEU,Europa,Caña de azúcar,2018-01-01,1922703,113.29,217830531,263,5314,0.0078631434920058
Alemania,DEU,Europa,Girasol,2018-01-01,3391922,2.78,9423673,263,2275,0.0016662897553938
Alemania,DEU,Europa,Té,2018-01-01,116256,2.12,246949,174,8898,0.0387171943517111
Alemania,DEU,Europa,Trigo,2018-01-01,1011512,4.16,4204221,121,4465,-0.0349759592213439
Alemania,DEU,Europa,Café,2018-01-01,287174,1.51,432668,257,6410,0.0220255658874949
Alemania,DEU,Europa,Maíz,2018-01-01,8402185,6.87,57762771,155,1367,-0.025632969257873
Alemania,DEU,Europa,Cebada,2018-01-01,1117777,2.78,3104287,196,3406,-0.0444087995839555
Alemania,DEU,Europa,Soja,2019-01-01,1463520,3.88,5675885,213,1305,0.0378508982953036
Alemania,DEU,Europa,Caña de azúcar,2019-01-01,5516868,106.9,589758724,170,8891,-0.0329433216010303
Alemania,DEU,Europa,Girasol,2019-01-01,1462104,3.15,4609433,218,9369,-0.023547930145471
Alemania,DEU,Europa,Té,2019-01-01,208210,2.57,535596,146,7315,-0.0367786801542564
Alemania,DEU,Europa,Trigo,2019-01-01,3700533,7.0,25894516,88,2577,-0.032257781568267
Alemania,DEU,Europa,Café,2019-01-01,394263,0.64,254045,80,2526,-0.0017759064887519
Alemania,DEU,Europa,Maíz,2019-01-01,8095649,11.03,89286894,216,8069,0.0022044229661554
Alemania,DEU,Europa,Cebada,2019-01-01,94822,5.43,515150,173,7246,-0.0149482186220228
Alemania,DEU,Europa,Soja,2020-01-01,9365600,3.82,35738183,84,5170,-0.0022858762995459
Alemania,DEU,Europa,Caña de azúcar,2020-01-01,1301996,86.17,112195123,98,1089,0.0209148837206107
Alemania,DEU,Europa,Girasol,2020-01-01,5891856,2.47,14547154,102,6175,-0.0091154922826068
Alemania,DEU,Europa,Té,2020-01-01,193124,2.3,443660,158,6990,0.0111880677011314
Alemania,DEU,Europa,Trigo,2020-01-01,4489698,6.84,30708729,173,3928,-0.0129787031120853
Alemania,DEU,Europa,Café,2020-01-01,144804,2.76,400243,151,3262,0.0354998922823596
Alemania,DEU,Europa,Maíz,2020-01-01,4498613,5.94,26737263,104,9328,-0.0099439093574277
Alemania,DEU,Europa,Cebada,2020-01-01,1124437,4.32,4859168,149,1086,0.0304369360887174
Australia,AUS,Oceanía,Trigo,2011-01-01,331327,7.22,2391721,217,9536,-0.021353076613243
Australia,AUS,Oceanía,Caña de azúcar,2011-01-01,1001514,137.24,137447283,162,1175,-0.0298292757193985
Australia,AUS,Oceanía,Algodón,2011-01-01,2206270,1.56,3434095,182,4795,0.0115189985703549
Australia,AUS,Oceanía,Maíz,2011-01-01,6219497,3.36,20872562,120,7544,-0.0146872336643472
Australia,AUS,Oceanía,Café,2011-01-01,308199,0.77,237431,285,2477,0.0049592653546435
Australia,AUS,Oceanía,Té,2011-01-01,298424,3.03,903477,120,4707,0.0106363407992252
Australia,AUS,Oceanía,Soja,2011-01-01,7768365,2.39,18596653,179,2744,0.0058630712869658
Australia,AUS,Oceanía,Arroz,2011-01-01,1443327,8.72,12587131,274,9813,0.0313147349606374
Australia,AUS,Oceanía,Trigo,2012-01-01,3799806,8.64,32833009,243,6565,0.0461238725301614
Australia,AUS,Oceanía,Caña de azúcar,2012-01-01,7785219,129.56,1008690861,116,2106,-0.0117326754080788
Australia,AUS,Oceanía,Algodón,2012-01-01,965820,2.55,2466599,294,6785,0.0016504217204838
Australia,AUS,Oceanía,Maíz,2012-01-01,4343656,4.17,18126940,260,6603,-0.042397117946631
Australia,AUS,Oceanía,Café,2012-01-01,264359,1.02,270418,96,4115,-0.0001000659636316
Australia,AUS,Oceanía,Té,2012-01-01,124867,2.21,275627,113,6833,-0.0344004431523841
Australia,AUS,Oceanía,Soja,2012-01-01,7542892,3.13,23642897,51,9871,0.0457993090467625
Australia,AUS,Oceanía,Arroz,2012-01-01,1637896,6.69,10965687,279,5501,-0.0009194648393453
Australia,AUS,Oceanía,Trigo,2013-01-01,4696449,3.35,15721855,63,9613,0.0299269917779981
Australia,AUS,Oceanía,Caña de azúcar,2013-01-01,9189700,64.46,592355399,248,3863,-0.0042803965683972
Australia,AUS,Oceanía,Algodón,2013-01-01,2088403,2.19,4563957,103,7216,0.0081008218979446
Australia,AUS,Oceanía,Maíz,2013-01-01,4407390,3.63,16004714,295,6621,-0.0134075848878073
Australia,AUS,Oceanía,Café,2013-01-01,113037,1.41,159783,152,5581,-0.0049271008522143
Australia,AUS,Oceanía,Té,2013-01-01,123454,3.12,385360,192,8081,0.035630873874488
Australia,AUS,Oceanía,Soja,2013-01-01,6556473,4.15,27191660,95,7906,-4.021738881493375e-05
Australia,AUS,Oceanía,Arroz,2013-01-01,2899474,6.56,19014294,126,5111,0.0062138452071711
Australia,AUS,Oceanía,Trigo,2014-01-01,3476318,2.05,7136735,115,8807,0.0338971708937452
Australia,AUS,Oceanía,Caña de azúcar,2014-01-01,5290671,72.59,384067874,257,5222,-0.0155859723539387
Australia,AUS,Oceanía,Algodón,2014-01-01,1481058,3.88,5752139,197,9821,-0.0325461164270541
Australia,AUS,Oceanía,Maíz,2014-01-01,6531813,5.73,37455534,164,2284,-0.0118929001587154
Australia,AUS,Oceanía,Café,2014-01-01,324723,2.89,936963,287,6527,-0.0078183512156654
Australia,AUS,Oceanía,Té,2014-01-01,221894,2.01,445691,108,6136,-0.0183121758304438
Australia,AUS,Oceanía,Soja,2014-01-01,2244285,3.97,8907871,249,6950,0.0247895498476324
Australia,AUS,Oceanía,Arroz,2014-01-01,1944988,3.92,7632147,236,4844,0.0162022547808639
Australia,AUS,Oceanía,Trigo,2015-01-01,790265,2.75,2172736,289,8752,0.0048433743818293
Australia,AUS,Oceanía,Caña de azúcar,2015-01-01,6070506,96.56,586170421,208,3544,-0.0415688733348007
Australia,AUS,Oceanía,Algodón,2015-01-01,1870001,1.62,3031396,210,3071,-0.0368722889373136
Australia,AUS,Oceanía,Maíz,2015-01-01,645706,3.44,2222163,271,8801,-0.0032806523330647
Australia,AUS,Oceanía,Café,2015-01-01,551740,1.17,643167,228,9835,-0.0322963360020287
Australia,AUS,Oceanía,Té,2015-01-01,311112,1.99,620520,282,6688,-0.0018348317297785
Australia,AUS,Oceanía,Soja,2015-01-01,767198,2.97,2279595,127,1172,-0.0499907653605072
Australia,AUS,Oceanía,Arroz,2015-01-01,644651,4.24,2731135,286,9059,0.0446957511868124
Australia,AUS,Oceanía,Trigo,2016-01-01,98864,7.6,750978,253,1118,0.0048212195736496
Australia,AUS,Oceanía,Caña de azúcar,2016-01-01,8832950,82.6,729636360,215,7385,0.0328426855641291
Australia,AUS,Oceanía,Algodón,2016-01-01,319480,2.19,700214,282,5454,-0.0215323145326547
Australia,AUS,Oceanía,Maíz,2016-01-01,5105162,6.08,31052695,124,2808,0.0136892709548346
Australia,AUS,Oceanía,Café,2016-01-01,153319,1.79,274886,88,1813,0.0469716217629393
Australia,AUS,Oceanía,Té,2016-01-01,48267,1.31,62991,52,4814,-0.0409803016851218
Australia,AUS,Oceanía,Soja,2016-01-01,1665701,3.21,5344128,145,8597,0.0196934802766328
Australia,AUS,Oceanía,Arroz,2016-01-01,309920,6.68,2071352,248,7429,-0.0428615305250943
Australia,AUS,Oceanía,Trigo,2017-01-01,1672722,6.4,10707457,53,2998,0.0474598502875459
Australia,AUS,Oceanía,Caña de azúcar,2017-01-01,7212487,111.25,802401871,58,4263,-0.003916536468772
Australia,AUS,Oceanía,Algodón,2017-01-01,2491618,2.56,6379282,296,6113,0.0436215246640616
Australia,AUS,Oceanía,Maíz,2017-01-01,741939,7.43,5509992,173,5895,-0.03012763681976
Australia,AUS,Oceanía,Café,2017-01-01,537136,2.01,1078436,161,6316,-0.0484932294731137
Australia,AUS,Oceanía,Té,2017-01-01,72491,1.83,132919,198,8786,0.0188406538935097
Australia,AUS,Oceanía,Soja,2017-01-01,5977275,2.03,12126289,208,6544,0.0430848784518627
Australia,AUS,Oceanía,Arroz,2017-01-01,3233693,3.53,11413814,187,2759,-0.0374172542334773
Australia,AUS,Oceanía,Trigo,2018-01-01,4398023,8.1,35636625,162,4161,-0.0478647167315706
Australia,AUS,Oceanía,Caña de azúcar,2018-01-01,2250318,65.01,146301161,193,5828,0.0042734076805694
Australia,AUS,Oceanía,Algodón,2018-01-01,2469121,1.57,3869012,120,3627,-0.043112341663884
Australia,AUS,Oceanía,Maíz,2018-01-01,4585426,8.76,40163584,248,9289,-0.0120956430333422
Australia,AUS,Oceanía,Café,2018-01-01,9920,1.7,16905,132,2037,0.0158289417379819
Australia,AUS,Oceanía,Té,2018-01-01,215254,1.6,344172,89,5638,-0.0177399960087206
Australia,AUS,Oceanía,Soja,2018-01-01,1074815,2.47,2656622,290,3126,-0.0321361199963891
Australia,AUS,Oceanía,Arroz,2018-01-01,395530,4.68,1850286,264,7366,0.0157921258284968
Australia,AUS,Oceanía,Trigo,2019-01-01,5260492,3.45,18164468,68,1214,0.0430211036809051
Australia,AUS,Oceanía,Caña de azúcar,2019-01-01,7570554,129.82,982789345,213,1994,-0.0139073948874921
Australia,AUS,Oceanía,Algodón,2019-01-01,2039407,3.36,6853810,207,5355,0.0029020831291773
Australia,AUS,Oceanía,Maíz,2019-01-01,6035115,3.16,19077011,75,4784,0.0031661051402472
Australia,AUS,Oceanía,Café,2019-01-01,251721,2.11,532358,192,7802,0.0246108376275853
Australia,AUS,Oceanía,Té,2019-01-01,221563,2.48,550306,76,3733,0.0292461597773406
Australia,AUS,Oceanía,Soja,2019-01-01,4581573,3.15,14435410,163,6772,0.0402484970652721
Australia,AUS,Oceanía,Arroz,2019-01-01,1467167,6.56,9620926,261,6299,0.0108413370257039
Australia,AUS,Oceanía,Trigo,2020-01-01,1968130,4.65,9159527,142,8412,-0.005250021100175
Australia,AUS,Oceanía,Caña de azúcar,2020-01-01,590686,124.19,73355784,277,5945,-0.0493431171027318
Australia,AUS,Oceanía,Algodón,2020-01-01,1208438,3.16,3822656,226,5521,0.0419112082970612
Australia,AUS,Oceanía,Maíz,2020-01-01,10226132,7.04,71978243,141,3557,-0.036159180652359
Australia,AUS,Oceanía,Café,2020-01-01,301214,0.85,255485,196,7550,0.0069064936920119
Australia,AUS,Oceanía,Té,2020-01-01,37384,2.47,92174,261,2562,0.009523120255958
Australia,AUS,Oceanía,Soja,2020-01-01,5879312,4.25,24994058,285,6478,-0.0152069793047066
Australia,AUS,Oceanía,Arroz,2020-01-01,2159860,6.23,13449986,241,1187,0.0133887103031714
México,MEX,América del Norte,Algodón,2011-01-01,935857,1.79,1678814,298,8300,0.025284020301053
México,MEX,América del Norte,Maíz,2011-01-01,1625460,4.04,6565824,83,6507,-0.0417454887361417
México,MEX,América del Norte,Cebada,2011-01-01,109341,3.88,423930,161,3136,0.0262032919636895
México,MEX,América del Norte,Caña de azúcar,2011-01-01,3347197,86.07,288105574,207,9589,-0.0253754159492886
México,MEX,América del Norte,Café,2011-01-01,401549,1.49,599893,78,7776,-0.0076459397634359
México,MEX,América del Norte,Trigo,2011-01-01,2703542,4.67,12624148,93,6729,0.0116220994454503
México,MEX,América del Norte,Soja,2011-01-01,3870462,4.12,15956246,109,4271,0.0185359227462267
México,MEX,América del Norte,Arroz,2011-01-01,365417,4.04,1477876,287,3419,0.0368752351644968
México,MEX,América del Norte,Algodón,2012-01-01,65258,2.14,139896,170,1372,-0.0168123280934918
México,MEX,América del Norte,Maíz,2012-01-01,3779997,4.14,15665533,173,3315,0.0195071143647694
México,MEX,América del Norte,Cebada,2012-01-01,816265,4.17,3407901,93,1984,-0.0215986458952009
México,MEX,América del Norte,Caña de azúcar,2012-01-01,4740596,57.2,271160952,149,5445,0.0162981635720155
México,MEX,América del Norte,Café,2012-01-01,199720,2.0,399089,216,7332,-0.0268831379862183
México,MEX,América del Norte,Trigo,2012-01-01,853885,7.59,6483220,72,4054,-0.0301124799991765
México,MEX,América del Norte,Soja,2012-01-01,5026622,3.25,16350855,185,5995,-0.0166430365369224
México,MEX,América del Norte,Arroz,2012-01-01,668085,4.17,2782687,127,4869,0.0495994411246808
México,MEX,América del Norte,Algodón,2013-01-01,1265920,4.02,5087092,277,1482,0.0444136698208297
México,MEX,América del Norte,Maíz,2013-01-01,4213483,4.93,20767825,72,7262,0.0020717844073516
México,MEX,América del Norte,Cebada,2013-01-01,1912781,3.85,7369231,89,7987,0.0470537173095217
México,MEX,América del Norte,Caña de azúcar,2013-01-01,5968525,77.53,462767227,198,9869,0.0184048636258431
México,MEX,América del Norte,Café,2013-01-01,71253,1.22,86812,84,8046,0.0495685800232008
México,MEX,América del Norte,Trigo,2013-01-01,1347622,5.47,7366780,67,9732,0.0448601564164761
México,MEX,América del Norte,Soja,2013-01-01,2601154,3.08,8012186,131,7783,0.0461196187222389
México,MEX,América del Norte,Arroz,2013-01-01,2642448,6.7,17710587,77,3155,-0.0315253503425432
México,MEX,América del Norte,Algodón,2014-01-01,2763396,3.07,8487553,202,4804,-0.0269087622408733
México,MEX,América del Norte,Maíz,2014-01-01,1329152,7.75,10299903,204,8680,0.021201912797666
México,MEX,América del Norte,Cebada,2014-01-01,1782729,3.43,6116359,107,1528,-0.0091410839821853
México,MEX,América del Norte,Caña de azúcar,2014-01-01,5076116,109.37,555191162,101,4351,-0.043386367576511
México,MEX,América del Norte,Café,2014-01-01,256677,2.11,541171,167,5043,-0.0072444316708544
México,MEX,América del Norte,Trigo,2014-01-01,3459302,6.85,23699937,196,9784,0.0025230531702889
México,MEX,América del Norte,Soja,2014-01-01,7307008,2.15,15682227,274,1694,0.0377779938249561
México,MEX,América del Norte,Arroz,2014-01-01,2196872,5.77,12682498,182,1807,-0.031014966002718
México,MEX,América del Norte,Algodón,2015-01-01,1295123,2.73,3539324,125,1893,0.0189952958501649
México,MEX,América del Norte,Maíz,2015-01-01,8920733,9.22,82214280,78,3945,0.0278731141876039
México,MEX,América del Norte,Cebada,2015-01-01,1672704,4.0,6690810,56,3930,-0.0046319264245663
México,MEX,América del Norte,Caña de azúcar,2015-01-01,3841191,89.45,343604544,216,3686,0.0218374719718563
México,MEX,América del Norte,Café,2015-01-01,56763,1.76,100148,231,7292,0.0226873835854728
México,MEX,América del Norte,Trigo,2015-01-01,1568680,4.4,6895036,283,6491,0.0065491578514169
México,MEX,América del Norte,Soja,2015-01-01,1396210,2.62,3655825,63,7874,-0.0191937794465435
México,MEX,América del Norte,Arroz,2015-01-01,2042275,4.75,9705553,295,4323,-0.0496467101405856
México,MEX,América del Norte,Algodón,2016-01-01,62652,2.75,172237,51,9084,-0.0262121645980523
México,MEX,América del Norte,Maíz,2016-01-01,8549934,6.22,53144280,51,5009,0.0382167864943605
México,MEX,América del Norte,Cebada,2016-01-01,1275685,4.35,5548971,87,1902,0.015327687821552
México,MEX,América del Norte,Caña de azúcar,2016-01-01,496406,106.68,52955290,285,2436,-0.0450968637251201
México,MEX,América del Norte,Café,2016-01-01,94934,0.79,74808,229,3906,0.0466293263847662
México,MEX,América del Norte,Trigo,2016-01-01,3374476,5.97,20149739,144,7208,0.0320264742282529
México,MEX,América del Norte,Soja,2016-01-01,7925431,2.94,23304450,227,5496,-0.0170791473038101
México,MEX,América del Norte,Arroz,2016-01-01,893835,5.61,5018747,236,9666,0.0487189263758582
México,MEX,América del Norte,Algodón,2017-01-01,2979221,3.33,9931194,159,6185,-0.0240339960713749
México,MEX,América del Norte,Maíz,2017-01-01,6416585,9.91,63606604,236,9154,-0.0007495546281484
México,MEX,América del Norte,Cebada,2017-01-01,1187385,2.76,3274301,80,1392,-0.0035114365626419
México,MEX,América del Norte,Caña de azúcar,2017-01-01,4002623,126.18,505069939,135,6728,0.0060415504917826
México,MEX,América del Norte,Café,2017-01-01,7519,1.78,13349,67,6042,-0.0199716005424487
México,MEX,América del Norte,Trigo,2017-01-01,75267,2.43,182598,195,1477,0.0332042769906141
México,MEX,América del Norte,Soja,2017-01-01,6552179,3.82,25021680,254,1582,0.0145652220664574
México,MEX,América del Norte,Arroz,2017-01-01,2716916,6.9,18748687,168,7782,0.0427789976765101
México,MEX,América del Norte,Algodón,2018-01-01,1906672,1.95,3726245,187,1306,-0.029173752980383
México,MEX,América del Norte,Maíz,2018-01-01,6756643,3.28,22175430,136,7147,0.012651084761525
México,MEX,América del Norte,Cebada,2018-01-01,1432444,3.58,5124657,250,6050,0.0205266184045519
México,MEX,América del Norte,Caña de azúcar,2018-01-01,522417,70.88,37030900,145,8404,0.032945746891742
México,MEX,América del Norte,Café,2018-01-01,265723,1.01,269198,249,4311,0.0413353846167058
México,MEX,América del Norte,Trigo,2018-01-01,233211,7.08,1650061,137,8921,0.0232441066755943
México,MEX,América del Norte,Soja,2018-01-01,6886929,3.07,21167156,290,9456,0.0176717288737895
México,MEX,América del Norte,Arroz,2018-01-01,146647,5.88,861831,51,6095,0.0432337344020828
México,MEX,América del Norte,Algodón,2019-01-01,2839404,3.77,10700337,76,9529,0.0266180184922995
México,MEX,América del Norte,Maíz,2019-01-01,556693,7.28,4052707,132,4285,-0.0307454360376541
México,MEX,América del Norte,Cebada,2019-01-01,637786,5.18,3304838,90,5483,-0.0385539606099898
México,MEX,América del Norte,Caña de azúcar,2019-01-01,12041881,76.58,922178053,131,5440,-0.0358443171208517
México,MEX,América del Norte,Café,2019-01-01,171281,1.35,231306,278,6549,0.0040577102032658
México,MEX,América del Norte,Trigo,2019-01-01,224613,4.55,1022593,63,2410,-0.0073534254789972
México,MEX,América del Norte,Soja,2019-01-01,4569945,4.76,21758667,164,6826,-0.0187559348848968
México,MEX,América del Norte,Arroz,2019-01-01,3400799,6.02,20480001,245,8629,0.0067789302258158
México,MEX,América del Norte,Algodón,2020-01-01,2514368,2.49,6267890,231,8625,-0.0029454125227822
México,MEX,América del Norte,Maíz,2020-01-01,3289794,10.62,34938986,150,4004,0.0199614621082428
México,MEX,América del Norte,Cebada,2020-01-01,1892781,5.11,9666690,66,8787,-0.0387112942699783
México,MEX,América del Norte,Caña de azúcar,2020-01-01,2990681,73.9,220999233,180,2686,-0.0094314017761104
México,MEX,América del Norte,Café,2020-01-01,66721,1.33,88583,186,8552,-0.0099183525215566
México,MEX,América del Norte,Trigo,2020-01-01,2078143,6.07,12615934,137,4411,0.0313915704891531
México,MEX,América del Norte,Soja,2020-01-01,7290204,4.36,31810766,227,4869,-0.0326914543937055
México,MEX,América del Norte,Arroz,2020-01-01,3425226,5.85,20035304,168,6330,0.0055087701213761
Kenia,KEN,África,Caña de azúcar,2011-01-01,6498890,73.18,475577149,105,3276,0.0387261536574124
Kenia,KEN,África,Trigo,2011-01-01,22088,6.87,151639,124,7389,0.0115572166278447
Kenia,KEN,África,Cebada,2011-01-01,437331,4.62,2021500,283,5989,0.0418501622552672
Kenia,KEN,África,Arroz,2011-01-01,1492965,7.44,11111258,180,7622,0.0347636745330361
Kenia,KEN,África,Maíz,2011-01-01,1173027,4.93,5783545,230,6885,-0.039030168308878
Kenia,KEN,África,Té,2011-01-01,16749,1.54,25776,131,7271,-0.0093967345494292
Kenia,KEN,África,Girasol,2011-01-01,1784943,2.54,4524849,148,6902,0.0339962686726715
Kenia,KEN,África,Café,2011-01-01,452929,1.37,620110,54,3359,0.0221339232361977
Kenia,KEN,África,Caña de azúcar,2012-01-01,7400951,90.22,667689700,256,7813,0.036015276205561
Kenia,KEN,África,Trigo,2012-01-01,3770500,5.51,20762360,259,8373,-0.0115285282169973
Kenia,KEN,África,Cebada,2012-01-01,880268,5.26,4625930,110,9220,-0.0230749551871137
Kenia,KEN,África,Arroz,2012-01-01,2556896,6.2,15855100,230,7038,-0.0386835630385065
Kenia,KEN,África,Maíz,2012-01-01,1455027,5.0,7271222,242,5578,-0.0035063672684508
Kenia,KEN,África,Té,2012-01-01,45374,1.65,74658,221,2279,0.0184074019146618
Kenia,KEN,África,Girasol,2012-01-01,4940331,1.66,8215576,249,1176,-0.0031131189658978
Kenia,KEN,África,Café,2012-01-01,249802,1.47,366972,300,5827,-0.0210791556779234
Kenia,KEN,África,Caña de azúcar,2013-01-01,4836926,92.28,446340871,171,3770,0.0072859995451717
Kenia,KEN,África,Trigo,2013-01-01,2563490,6.73,17262710,71,3077,0.0005596109307276
Kenia,KEN,África,Cebada,2013-01-01,628392,3.3,2073817,115,1232,0.0241429165836791
Kenia,KEN,África,Arroz,2013-01-01,2569032,6.35,16324468,94,5280,0.0282527705287746
Kenia,KEN,África,Maíz,2013-01-01,3057111,9.38,28664605,71,3376,0.0095544091864987
Kenia,KEN,África,Té,2013-01-01,277349,2.33,647198,219,8211,0.0225999091845562
Kenia,KEN,África,Girasol,2013-01-01,4689013,2.9,13615017,243,2900,-0.0447476803007719
Kenia,KEN,África,Café,2013-01-01,253096,1.3,329794,186,4828,-0.0120199205849245
Kenia,KEN,África,Caña de azúcar,2014-01-01,8470852,75.18,636827012,123,8353,-0.0117995905291338
Kenia,KEN,África,Trigo,2014-01-01,4393220,5.6,24609219,213,6797,0.0456183655889625
Kenia,KEN,África,Cebada,2014-01-01,1942573,4.05,7862929,255,2610,-0.024465608109278
Kenia,KEN,África,Arroz,2014-01-01,2016633,7.44,14998870,200,4193,0.001995232207631
Kenia,KEN,África,Maíz,2014-01-01,3295354,3.56,11732977,67,1195,-0.0088751233386257
Kenia,KEN,África,Té,2014-01-01,240227,1.72,412781,58,1388,0.0119397223680774
Kenia,KEN,África,Girasol,2014-01-01,4660007,3.62,16878127,213,2995,0.0208075105829502
Kenia,KEN,África,Café,2014-01-01,425342,1.75,745690,215,4027,0.0396001630357243
Kenia,KEN,África,Caña de azúcar,2015-01-01,4584607,72.14,330727375,166,5528,0.0269359129868324
Kenia,KEN,África,Trigo,2015-01-01,2938483,3.68,10809525,65,7271,-0.0111409572268614
Kenia,KEN,África,Cebada,2015-01-01,632997,5.2,3291619,175,4287,0.0110301884953934
Kenia,KEN,África,Arroz,2015-01-01,1961485,4.3,8444066,207,2740,0.0412609222841126
Kenia,KEN,África,Maíz,2015-01-01,1982022,2.87,5688373,248,8305,-0.0481235206898209
Kenia,KEN,África,Té,2015-01-01,977,2.84,2775,229,6403,0.0404617543453949
Kenia,KEN,África,Girasol,2015-01-01,4525872,3.21,14528132,153,2148,0.0040128717019012
Kenia,KEN,África,Café,2015-01-01,327831,2.16,709233,289,6880,-0.0166560287163885
Kenia,KEN,África,Caña de azúcar,2016-01-01,909055,101.68,92429766,186,6571,-0.0419543215325612
Kenia,KEN,África,Trigo,2016-01-01,2496554,4.42,11027203,148,4129,-0.020112965482561
Kenia,KEN,África,Cebada,2016-01-01,228229,3.89,887567,211,8175,0.0235324183027926
Kenia,KEN,África,Arroz,2016-01-01,757967,4.5,3412468,149,2032,0.0292739171836912
Kenia,KEN,África,Maíz,2016-01-01,9121935,7.52,68617313,54,1606,-0.0160714894115519
Kenia,KEN,África,Té,2016-01-01,22521,1.68,37747,183,8509,0.0440089789614661
Kenia,KEN,África,Girasol,2016-01-01,5185918,2.09,10845703,59,3319,-0.0011105286673966
Kenia,KEN,África,Café,2016-01-01,424681,2.03,860857,83,1235,-0.03277509910415
Kenia,KEN,África,Caña de azúcar,2017-01-01,4565601,94.7,432385185,263,2047,0.0317800177763926
Kenia,KEN,África,Trigo,2017-01-01,3778155,5.06,19131400,101,7983,-0.0162656889770023
Kenia,KEN,África,Cebada,2017-01-01,1805472,5.18,9349852,197,9943,-0.0362670598018244
Kenia,KEN,África,Arroz,2017-01-01,1051878,6.2,6526783,80,5487,-0.0358763197380676
Kenia,KEN,África,Maíz,2017-01-01,6339875,7.56,47938790,60,3185,-0.0400032149321941
Kenia,KEN,África,Té,2017-01-01,230812,2.05,473667,51,1118,-0.0320587143852286
Kenia,KEN,África,Girasol,2017-01-01,4472267,3.46,15455828,247,8798,0.019235833083758
Kenia,KEN,África,Café,2017-01-01,314278,0.94,295845,94,1616,0.0096271970719102
Kenia,KEN,África,Caña de azúcar,2018-01-01,1686198,103.71,174870717,51,4860,-0.0308097138125391
Kenia,KEN,África,Trigo,2018-01-01,1036704,7.5,7773153,179,4592,-0.0035783992928778
Kenia,KEN,África,Cebada,2018-01-01,483043,3.31,1600530,225,8772,-0.000248516219613
Kenia,KEN,África,Arroz,2018-01-01,173252,3.59,622506,114,6477,0.0116819350459826
Kenia,KEN,África,Maíz,2018-01-01,9348544,4.08,38164444,95,3589,0.0285492018081733
Kenia,KEN,África,Té,2018-01-01,63469,1.0,63718,198,6340,-0.0080933725843195
Kenia,KEN,África,Girasol,2018-01-01,3146677,1.52,4780870,110,7759,0.0369886302947668
Kenia,KEN,África,Café,2018-01-01,115552,0.58,66977,161,3374,-0.0283834837914354
Kenia,KEN,África,Caña de azúcar,2019-01-01,3291975,75.82,249612599,211,6875,0.0475555891317833
Kenia,KEN,África,Trigo,2019-01-01,994109,2.1,2092115,78,8627,-0.0041421075029493
Kenia,KEN,África,Cebada,2019-01-01,654159,2.69,1761352,253,3784,0.0078121445850549
Kenia,KEN,África,Arroz,2019-01-01,1042436,4.85,5057766,105,8757,0.0336989026239238
Kenia,KEN,África,Maíz,2019-01-01,6895963,6.95,47908968,198,4643,0.0391822628136572
Kenia,KEN,África,Té,2019-01-01,85652,3.2,273835,61,1656,0.0491273503531907
Kenia,KEN,África,Girasol,2019-01-01,4920022,1.58,7758298,254,2605,-0.004755863178309
Kenia,KEN,África,Café,2019-01-01,273381,2.1,574268,105,3174,-0.0141594318331849
Kenia,KEN,África,Caña de azúcar,2020-01-01,1413264,58.47,82640053,167,1399,0.0476420778444713
Kenia,KEN,África,Trigo,2020-01-01,1221116,7.58,9252513,144,8607,0.0203902063022571
Kenia,KEN,África,Cebada,2020-01-01,1079738,3.02,3261264,58,5859,-0.0074097746961653
Kenia,KEN,África,Arroz,2020-01-01,2415943,6.83,16508239,70,6500,0.0235760785134458
Kenia,KEN,África,Maíz,2020-01-01,5214983,7.47,38945261,208,1669,-0.013442885602688
Kenia,KEN,África,Té,2020-01-01,262109,2.67,700065,85,6487,-0.0261367294642077
Kenia,KEN,África,Girasol,2020-01-01,3483346,3.64,12677903,229,4437,0.025317349839968
Kenia,KEN,África,Café,2020-01-01,202111,1.15,232904,120,1892,-0.0436630819940464
Nueva Zelanda,NZL,Oceanía,Girasol,2011-01-01,4509461,3.11,14013372,222,2075,-0.0311646417588716
Nueva Zelanda,NZL,Oceanía,Caña de azúcar,2011-01-01,1510485,70.36,106273126,294,2260,-0.0390635079407943
Nueva Zelanda,NZL,Oceanía,Café,2011-01-01,364197,0.62,227221,293,1371,-0.0206830558057601
Nueva Zelanda,NZL,Oceanía,Cebada,2011-01-01,1172950,5.56,6526636,238,1351,-0.0208483202836955
Nueva Zelanda,NZL,Oceanía,Algodón,2011-01-01,962947,3.36,3233987,198,6616,0.0155760501668238
Nueva Zelanda,NZL,Oceanía,Maíz,2011-01-01,8415901,8.51,71605324,163,8503,-0.019591766173205
Nueva Zelanda,NZL,Oceanía,Arroz,2011-01-01,1278169,4.06,5192522,298,5720,0.0269749737124992
Nueva Zelanda,NZL,Oceanía,Trigo,2011-01-01,2929603,4.54,13296328,91,9770,-0.0214753417802747
Nueva Zelanda,NZL,Oceanía,Girasol,2012-01-01,1372963,1.77,2432676,197,3072,-0.0059111362245625
Nueva Zelanda,NZL,Oceanía,Caña de azúcar,2012-01-01,3441473,72.11,248164785,138,3423,-0.0127085063990733
Nueva Zelanda,NZL,Oceanía,Café,2012-01-01,87457,1.14,99739,288,9182,0.0268518165837108
Nueva Zelanda,NZL,Oceanía,Cebada,2012-01-01,2059084,3.11,6404827,299,9313,-0.0168719353919893
Nueva Zelanda,NZL,Oceanía,Algodón,2012-01-01,2054057,4.71,9684267,196,3409,0.0299576174953814
Nueva Zelanda,NZL,Oceanía,Maíz,2012-01-01,7766304,4.51,35020655,60,3284,0.017800833695352
Nueva Zelanda,NZL,Oceanía,Arroz,2012-01-01,110795,5.82,644684,73,6347,-0.0444966363846129
Nueva Zelanda,NZL,Oceanía,Trigo,2012-01-01,5033477,6.2,31201887,100,1369,-0.0416410449606088
Nueva Zelanda,NZL,Oceanía,Girasol,2013-01-01,794193,3.3,2618022,204,9381,0.0443402164101955
Nueva Zelanda,NZL,Oceanía,Caña de azúcar,2013-01-01,6542289,89.12,583046704,148,7108,-0.048780920889489
Nueva Zelanda,NZL,Oceanía,Café,2013-01-01,161185,2.47,398675,236,8278,0.024152767652718
Nueva Zelanda,NZL,Oceanía,Cebada,2013-01-01,935184,4.5,4203926,158,7786,-0.0360432313118044
Nueva Zelanda,NZL,Oceanía,Algodón,2013-01-01,376410,1.51,568922,184,6495,-0.04338842188332
Nueva Zelanda,NZL,Oceanía,Maíz,2013-01-01,6957685,3.92,27286063,156,3865,0.0055813844964801
Nueva Zelanda,NZL,Oceanía,Arroz,2013-01-01,611929,4.88,2986140,175,1691,0.0322799219386639
Nueva Zelanda,NZL,Oceanía,Trigo,2013-01-01,4856973,3.87,18802478,56,1040,-0.0345976030359588
Nueva Zelanda,NZL,Oceanía,Girasol,2014-01-01,3895209,1.75,6799614,95,9059,0.040679319715383
Nueva Zelanda,NZL,Oceanía,Caña de azúcar,2014-01-01,511479,70.25,35930768,67,6927,0.0081065770093246
Nueva Zelanda,NZL,Oceanía,Café,2014-01-01,471560,1.25,587866,259,2959,-0.0126797784026519
Nueva Zelanda,NZL,Oceanía,Cebada,2014-01-01,44647,4.1,182913,131,8553,0.0378317264417432
Nueva Zelanda,NZL,Oceanía,Algodón,2014-01-01,654184,1.14,745147,294,6832,-0.0451285099313734
Nueva Zelanda,NZL,Oceanía,Maíz,2014-01-01,1359086,6.61,8978743,74,3738,0.0043712335248342
Nueva Zelanda,NZL,Oceanía,Arroz,2014-01-01,3165172,6.16,19497240,142,2570,0.0034420323223223
Nueva Zelanda,NZL,Oceanía,Trigo,2014-01-01,1213775,2.01,2443050,174,7750,-0.0159686908715163
Nueva Zelanda,NZL,Oceanía,Girasol,2015-01-01,985945,2.13,2101231,253,9612,0.0346069749683854
Nueva Zelanda,NZL,Oceanía,Caña de azúcar,2015-01-01,2076994,87.78,182323649,83,1284,-0.0020481770126447
Nueva Zelanda,NZL,Oceanía,Café,2015-01-01,186902,0.87,162814,183,6604,-0.0327792840377279
Nueva Zelanda,NZL,Oceanía,Cebada,2015-01-01,1529278,5.27,8053065,86,4712,-0.0192571676333664
Nueva Zelanda,NZL,Oceanía,Algodón,2015-01-01,319081,2.22,708647,54,8934,0.025733403437769
Nueva Zelanda,NZL,Oceanía,Maíz,2015-01-01,1744267,3.53,6160772,170,2948,0.0408529298402461
Nueva Zelanda,NZL,Oceanía,Arroz,2015-01-01,1165457,7.17,8361265,285,4365,0.0087603046753815
Nueva Zelanda,NZL,Oceanía,Trigo,2015-01-01,2823390,2.01,5660937,121,6698,-0.0147796726520677
Nueva Zelanda,NZL,Oceanía,Girasol,2016-01-01,2333225,2.28,5309353,245,1229,0.0028838740415856
Nueva Zelanda,NZL,Oceanía,Caña de azúcar,2016-01-01,5205841,65.93,343237328,235,2616,0.0424232097074504
Nueva Zelanda,NZL,Oceanía,Café,2016-01-01,521875,1.86,971634,162,2758,-0.0319151462355687
Nueva Zelanda,NZL,Oceanía,Cebada,2016-01-01,790313,3.9,3079005,244,6149,-0.0376384597525733
Nueva Zelanda,NZL,Oceanía,Algodón,2016-01-01,526856,2.2,1159170,234,1665,-0.0417752054869268
Nueva Zelanda,NZL,Oceanía,Maíz,2016-01-01,6742029,4.89,32988871,299,8273,-0.0274126570270092
Nueva Zelanda,NZL,Oceanía,Arroz,2016-01-01,1808947,4.17,7537902,171,7020,-0.0320702716612921
Nueva Zelanda,NZL,Oceanía,Trigo,2016-01-01,4946605,5.82,28798262,223,2392,-0.0380782156114521
Nueva Zelanda,NZL,Oceanía,Girasol,2017-01-01,4954945,4.23,20983524,93,2060,-0.0136290006524268
Nueva Zelanda,NZL,Oceanía,Caña de azúcar,2017-01-01,3139918,101.52,318776662,264,7958,0.0225200500332639
Nueva Zelanda,NZL,Oceanía,Café,2017-01-01,359415,2.27,815926,255,7557,-0.0143902693123919
Nueva Zelanda,NZL,Oceanía,Cebada,2017-01-01,2191659,3.63,7962746,246,8448,-0.0391963331981077
Nueva Zelanda,NZL,Oceanía,Algodón,2017-01-01,1983875,1.71,3394278,238,1865,0.0330312468619858
Nueva Zelanda,NZL,Oceanía,Maíz,2017-01-01,567899,9.85,5591860,89,5960,0.0121966761523728
Nueva Zelanda,NZL,Oceanía,Arroz,2017-01-01,297325,6.02,1788960,169,4308,-0.0206437068714997
Nueva Zelanda,NZL,Oceanía,Trigo,2017-01-01,4402463,3.71,16323396,189,1289,0.0452580494910217
Nueva Zelanda,NZL,Oceanía,Girasol,2018-01-01,3120147,2.72,8493683,268,7165,-0.0057443853768287
Nueva Zelanda,NZL,Oceanía,Caña de azúcar,2018-01-01,2570478,100.55,258458708,230,3689,-0.000852039135485
Nueva Zelanda,NZL,Oceanía,Café,2018-01-01,338094,1.44,487643,175,9837,0.0072210233433681
Nueva Zelanda,NZL,Oceanía,Cebada,2018-01-01,1851990,2.33,4310970,201,7189,0.0116939676377831
Nueva Zelanda,NZL,Oceanía,Algodón,2018-01-01,1175567,1.37,1615339,264,7003,-0.015112321220671
Nueva Zelanda,NZL,Oceanía,Maíz,2018-01-01,631408,8.46,5341906,159,6654,0.0491945522705957
Nueva Zelanda,NZL,Oceanía,Arroz,2018-01-01,247944,5.62,1393104,201,2391,0.0410389018714362
Nueva Zelanda,NZL,Oceanía,Trigo,2018-01-01,2252411,2.36,5312997,59,8551,0.0157767786557737
Nueva Zelanda,NZL,Oceanía,Girasol,2019-01-01,4372084,3.17,13861833,200,1364,0.0485764781508701
Nueva Zelanda,NZL,Oceanía,Caña de azúcar,2019-01-01,6492751,66.35,430763750,226,4373,-0.0164032537514482
Nueva Zelanda,NZL,Oceanía,Café,2019-01-01,421007,1.49,629184,298,8143,-0.0298241373174252
Nueva Zelanda,NZL,Oceanía,Cebada,2019-01-01,1839692,2.88,5299470,117,1778,-0.0202679730979892
Nueva Zelanda,NZL,Oceanía,Algodón,2019-01-01,1029438,3.62,3728812,198,2552,0.0091864655441329
Nueva Zelanda,NZL,Oceanía,Maíz,2019-01-01,9069506,7.78,70569468,253,2256,0.0151536813555202
Nueva Zelanda,NZL,Oceanía,Arroz,2019-01-01,1212993,4.9,5942475,152,5116,0.0124963875974485
Nueva Zelanda,NZL,Oceanía,Trigo,2019-01-01,4724972,2.64,12481999,270,4056,0.0076843295240429
Nueva Zelanda,NZL,Oceanía,Girasol,2020-01-01,3577502,2.35,8397422,268,8106,0.0434635933981213
Nueva Zelanda,NZL,Oceanía,Caña de azúcar,2020-01-01,1193069,77.25,92163881,88,5919,0.0344121995831942
Nueva Zelanda,NZL,Oceanía,Café,2020-01-01,454309,1.63,738416,155,5373,0.0323710704498325
Nueva Zelanda,NZL,Oceanía,Cebada,2020-01-01,613404,4.04,2479533,88,4144,-0.0472295826333861
Nueva Zelanda,NZL,Oceanía,Algodón,2020-01-01,1591529,2.4,3824116,215,1606,-0.0298009491269599
Nueva Zelanda,NZL,Oceanía,Maíz,2020-01-01,552493,5.65,3121216,95,1691,0.0463786890525177
Nueva Zelanda,NZL,Oceanía,Arroz,2020-01-01,97594,4.56,444759,126,2041,0.0400574884974125
Nueva Zelanda,NZL,Oceanía,Trigo,2020-01-01,3079474,6.75,20771351,264,3302,-0.026395884817889
España,ESP,Europa,Té,2011-01-01,128356,2.3,295658,263,7388,0.0305841607960866
España,ESP,Europa,Café,2011-01-01,499923,1.04,520803,298,5498,-0.0060524587270799
España,ESP,Europa,Soja,2011-01-01,4958537,2.81,13910301,78,6185,0.0045745033202926
España,ESP,Europa,Cebada,2011-01-01,523578,7.65,4005004,142,8786,0.0215671229122126
España,ESP,Europa,Girasol,2011-01-01,190718,2.79,532208,239,1895,0.019068245528234
España,ESP,Europa,Algodón,2011-01-01,1029912,1.75,1800037,229,6945,0.0403157098682599
España,ESP,Europa,Trigo,2011-01-01,4571438,7.96,36372900,282,7438,0.0427507400348729
España,ESP,Europa,Caña de azúcar,2011-01-01,5189050,68.0,352841935,103,3625,0.0415890801242335
España,ESP,Europa,Té,2012-01-01,218480,2.05,447903,249,9055,-0.0028908716611996
España,ESP,Europa,Café,2012-01-01,442584,1.27,562544,75,3627,0.0198482187546566
España,ESP,Europa,Soja,2012-01-01,3033586,3.7,11225449,133,8426,0.0195210099424055
España,ESP,Europa,Cebada,2012-01-01,1399366,5.43,7596495,84,1050,-0.0099338150023852
España,ESP,Europa,Girasol,2012-01-01,2702341,2.07,5595642,232,3131,0.0346960429802657
España,ESP,Europa,Algodón,2012-01-01,1383355,2.41,3332074,94,6367,0.0299528667940179
España,ESP,Europa,Trigo,2012-01-01,3426994,3.88,13290706,263,4677,-0.0479265362410923
España,ESP,Europa,Caña de azúcar,2012-01-01,9030235,116.51,1052068524,299,8576,-0.0301733797328299
España,ESP,Europa,Té,2013-01-01,93057,1.19,110379,88,2459,0.0458032864093185
España,ESP,Europa,Café,2013-01-01,288226,0.78,225795,285,8433,0.0327257451963499
España,ESP,Europa,Soja,2013-01-01,1960535,3.81,7478750,250,5361,-0.0212038027149118
España,ESP,Europa,Cebada,2013-01-01,281992,3.24,912819,260,5636,0.022670806703857
España,ESP,Europa,Girasol,2013-01-01,1475435,1.86,2749791,117,4858,0.0117680240057235
España,ESP,Europa,Algodón,2013-01-01,1676763,2.55,4273848,170,3182,0.0371443475211009
España,ESP,Europa,Trigo,2013-01-01,3652371,7.06,25781762,238,5198,-0.042694438177884
España,ESP,Europa,Caña de azúcar,2013-01-01,905293,80.24,72645118,205,1745,-0.0494639014797979
España,ESP,Europa,Té,2014-01-01,204440,1.48,302134,297,1673,0.0080486909891458
España,ESP,Europa,Café,2014-01-01,257777,1.38,354906,72,6198,0.021025557466167
España,ESP,Europa,Soja,2014-01-01,2249195,1.99,4466223,273,5603,0.0247823367719294
España,ESP,Europa,Cebada,2014-01-01,663839,5.63,3737635,287,5321,0.0016972685702221
España,ESP,Europa,Girasol,2014-01-01,1403984,2.75,3867404,88,8208,-0.0446777811729014
España,ESP,Europa,Algodón,2014-01-01,921293,1.38,1268119,169,8150,-0.0383975952899443
España,ESP,Europa,Trigo,2014-01-01,4600345,2.25,10344364,174,8499,-0.0007011449988999
España,ESP,Europa,Caña de azúcar,2014-01-01,2723853,62.69,170771929,96,3757,0.0249936651503576
España,ESP,Europa,Té,2015-01-01,328401,2.95,968532,298,1067,0.0026015406599995
España,ESP,Europa,Café,2015-01-01,228848,2.1,481027,74,6384,-0.0474037831393769
España,ESP,Europa,Soja,2015-01-01,6176236,2.94,18161874,77,6300,-0.0346224531316202
España,ESP,Europa,Cebada,2015-01-01,1612170,5.13,8265552,118,1095,-0.017057307832114
España,ESP,Europa,Girasol,2015-01-01,3483451,2.51,8757623,295,3118,-0.0288633138960012
España,ESP,Europa,Algodón,2015-01-01,2475291,2.22,5496897,190,7248,-0.0407448989161413
España,ESP,Europa,Trigo,2015-01-01,1961350,7.83,15355034,268,4411,-0.0337059316124745
España,ESP,Europa,Caña de azúcar,2015-01-01,5262490,104.68,550857166,126,9042,0.0301100421192932
España,ESP,Europa,Té,2016-01-01,180220,2.8,504630,74,7020,0.0012653225659364
España,ESP,Europa,Café,2016-01-01,477860,1.19,570016,73,7922,0.0310994359614223
España,ESP,Europa,Soja,2016-01-01,3934817,3.16,12440102,299,8594,0.0176440032007025
España,ESP,Europa,Cebada,2016-01-01,1616655,3.16,5100699,184,2375,-0.02092969755216
España,ESP,Europa,Girasol,2016-01-01,4061716,2.65,10748575,126,5073,0.0023092057017473
España,ESP,Europa,Algodón,2016-01-01,198835,3.11,618034,180,7961,-0.0086980595480767
España,ESP,Europa,Trigo,2016-01-01,4882380,6.65,32446693,246,9248,-0.0483731306240443
España,ESP,Europa,Caña de azúcar,2016-01-01,8604745,59.79,514502307,71,7819,0.0376755347135503
España,ESP,Europa,Té,2017-01-01,230616,2.69,620805,137,4066,-0.0288931629172806
España,ESP,Europa,Café,2017-01-01,283598,1.07,302785,54,1095,-0.0105066157008124
España,ESP,Europa,Soja,2017-01-01,4842133,4.13,20001566,297,8974,-0.0197200018029664
España,ESP,Europa,Cebada,2017-01-01,1498195,4.25,6373107,151,5958,-0.041236486937784
España,ESP,Europa,Girasol,2017-01-01,1467051,1.59,2327068,269,1439,-0.02907705196655
España,ESP,Europa,Algodón,2017-01-01,2976829,2.17,6466262,187,4127,-0.0413906452797965
España,ESP,Europa,Trigo,2017-01-01,1435673,3.53,5060773,89,8295,0.0463866870738914
España,ESP,Europa,Caña de azúcar,2017-01-01,7742620,85.5,661957822,263,7418,-0.0449077819780632
España,ESP,Europa,Té,2018-01-01,193643,3.61,699320,202,5764,-0.0462982785049851
España,ESP,Europa,Café,2018-01-01,270111,1.85,500050,259,8993,-0.026809421394549
España,ESP,Europa,Soja,2018-01-01,182741,2.69,491949,278,7834,0.0389140594551995
España,ESP,Europa,Cebada,2018-01-01,1169613,5.75,6729433,55,3643,-0.0211989218546382
España,ESP,Europa,Girasol,2018-01-01,2662388,2.45,6512624,225,6556,0.0421735596672446
España,ESP,Europa,Algodón,2018-01-01,3302768,2.96,9775063,149,7829,0.0333080745795346
España,ESP,Europa,Trigo,2018-01-01,3390687,8.37,28388837,209,4394,-0.0217542784730363
España,ESP,Europa,Caña de azúcar,2018-01-01,9316474,61.49,572899680,75,7815,0.0443054698361212
España,ESP,Europa,Té,2019-01-01,128870,0.99,128076,275,5273,-0.0142956125163079
España,ESP,Europa,Café,2019-01-01,390039,2.43,946443,136,8055,-0.0386030706632413
España,ESP,Europa,Soja,2019-01-01,4405303,2.54,11167667,140,1764,0.0270094892961633
España,ESP,Europa,Cebada,2019-01-01,2022147,3.27,6621618,221,2706,0.0206404917317793
España,ESP,Europa,Girasol,2019-01-01,4653313,3.95,18394434,299,2734,0.0281652395505998
España,ESP,Europa,Algodón,2019-01-01,474799,2.5,1186685,211,2934,0.0370869474153118
España,ESP,Europa,Trigo,2019-01-01,1678156,7.44,12490196,177,2626,-0.0345704267568193
España,ESP,Europa,Caña de azúcar,2019-01-01,2283829,67.71,154627960,246,1107,-0.0254683935382862
España,ESP,Europa,Té,2020-01-01,219731,1.27,279207,233,7799,-0.0139356593568322
España,ESP,Europa,Café,2020-01-01,91810,2.21,202454,85,8025,-0.0086590581253021
España,ESP,Europa,Soja,2020-01-01,3916482,4.67,18307191,291,1487,-0.0057421310651419
España,ESP,Europa,Cebada,2020-01-01,1813890,5.49,9950455,130,7580,0.0481944924387131
España,ESP,Europa,Girasol,2020-01-01,466876,2.1,980120,88,1947,0.0477732976016458
España,ESP,Europa,Algodón,2020-01-01,3693079,4.21,15543588,276,5986,0.022155104385836
España,ESP,Europa,Trigo,2020-01-01,2783965,1.88,5241170,285,3406,0.0200295063882604
España,ESP,Europa,Caña de azúcar,2020-01-01,3532115,123.1,434816978,163,6656,0.0387674896507196
Italia,ITA,Europa,Algodón,2011-01-01,542177,2.38,1290185,180,6115,0.002133586511544
Italia,ITA,Europa,Arroz,2011-01-01,693364,4.76,3301882,116,4954,0.0332228986726386
Italia,ITA,Europa,Cebada,2011-01-01,887279,4.36,3871140,145,5255,0.0126989532317961
Italia,ITA,Europa,Maíz,2011-01-01,898773,9.61,8637525,196,1085,-0.0046852839447704
Italia,ITA,Europa,Té,2011-01-01,305692,3.0,915914,266,4831,-0.0149662864959227
Italia,ITA,Europa,Caña de azúcar,2011-01-01,9563878,109.59,1048129669,113,2724,-0.017215303691885
Italia,ITA,Europa,Trigo,2011-01-01,3078347,3.97,12212620,155,2342,-0.0407751388384449
Italia,ITA,Europa,Soja,2011-01-01,1142469,3.25,3708106,184,7598,0.0088239457897606
Italia,ITA,Europa,Algodón,2012-01-01,1680650,3.89,6539425,162,9020,0.0231716960469428
Italia,ITA,Europa,Arroz,2012-01-01,694185,4.01,2784221,83,9408,0.0363271657594599
Italia,ITA,Europa,Cebada,2012-01-01,438318,2.99,1308788,193,7051,0.0421697355447871
Italia,ITA,Europa,Maíz,2012-01-01,6761265,3.35,22649333,183,3511,-0.038225778660575
Italia,ITA,Europa,Té,2012-01-01,194957,1.74,338646,86,7910,-0.045134895341977
Italia,ITA,Europa,Caña de azúcar,2012-01-01,5004516,81.97,410212809,81,9970,-0.0151351056489612
Italia,ITA,Europa,Trigo,2012-01-01,3690548,4.45,16424967,136,7181,-0.0024772451561242
Italia,ITA,Europa,Soja,2012-01-01,5296585,2.46,13043285,244,8371,0.0167220744856258
Italia,ITA,Europa,Algodón,2013-01-01,1318150,1.38,1819816,149,4814,0.0400244417752304
Italia,ITA,Europa,Arroz,2013-01-01,200336,8.51,1704690,215,2450,0.0365953573328366
Italia,ITA,Europa,Cebada,2013-01-01,1260924,4.92,6200491,215,3028,0.0143914189631885
Italia,ITA,Europa,Maíz,2013-01-01,8763227,5.9,51712072,98,8796,0.0002638801163913
Italia,ITA,Europa,Té,2013-01-01,263670,1.19,314388,112,8278,-0.0415352055378846
Italia,ITA,Europa,Caña de azúcar,2013-01-01,5494552,76.27,419073906,55,6569,-0.0062982580210953
Italia,ITA,Europa,Trigo,2013-01-01,4458333,3.12,13899088,75,9876,-0.0331844007332982
Italia,ITA,Europa,Soja,2013-01-01,2110590,3.95,8337126,223,3772,-0.0441086265336905
Italia,ITA,Europa,Algodón,2014-01-01,855749,0.86,736898,131,3334,-0.008717718800149
Italia,ITA,Europa,Arroz,2014-01-01,1561128,6.85,10695630,111,4874,-0.0007020559097668
Italia,ITA,Europa,Cebada,2014-01-01,871300,5.0,4354189,191,7669,-0.0434541788070116
Italia,ITA,Europa,Maíz,2014-01-01,3731247,7.71,28767873,200,2663,-0.0253683904089195
Italia,ITA,Europa,Té,2014-01-01,68411,1.36,92752,212,9199,-0.0296543093153226
Italia,ITA,Europa,Caña de azúcar,2014-01-01,7016452,74.03,519433796,293,7942,0.0461352109249627
Italia,ITA,Europa,Trigo,2014-01-01,382210,2.17,830564,124,3742,-0.0499457068292982
Italia,ITA,Europa,Soja,2014-01-01,4549595,2.89,13153563,139,4485,0.0085159166460366
Italia,ITA,Europa,Algodón,2015-01-01,201235,1.31,263694,72,7476,0.0198429309747941
Italia,ITA,Europa,Arroz,2015-01-01,2607415,7.36,19181110,179,6215,0.0383931612090028
Italia,ITA,Europa,Cebada,2015-01-01,1529574,3.71,5669495,112,6269,-0.0158370195250035
Italia,ITA,Europa,Maíz,2015-01-01,5694978,3.5,19915527,50,8807,-0.0495720752317868
Italia,ITA,Europa,Té,2015-01-01,82894,2.24,186020,245,7435,0.0038131453701472
Italia,ITA,Europa,Caña de azúcar,2015-01-01,1442535,116.94,168695300,163,3022,-0.0147005267649598
Italia,ITA,Europa,Trigo,2015-01-01,3347921,5.37,17963894,52,3044,-0.0037307468276615
Italia,ITA,Europa,Soja,2015-01-01,4313967,2.98,12846783,224,6862,-0.030848832361425
Italia,ITA,Europa,Algodón,2016-01-01,2973112,1.91,5679848,176,6947,-0.0463203957075205
Italia,ITA,Europa,Arroz,2016-01-01,3046476,4.92,14974997,260,7489,-0.0389053472355632
Italia,ITA,Europa,Cebada,2016-01-01,1016055,4.52,4596256,194,3875,-0.0434639374999965
Italia,ITA,Europa,Maíz,2016-01-01,1097460,5.05,5546597,275,9570,0.02288988663424
Italia,ITA,Europa,Té,2016-01-01,12151,3.25,39442,114,8437,-0.0498045035169345
Italia,ITA,Europa,Caña de azúcar,2016-01-01,887296,114.03,101181314,154,5489,-0.0378282303510804
Italia,ITA,Europa,Trigo,2016-01-01,4327633,5.13,22202890,107,1769,-0.0222066969287458
Italia,ITA,Europa,Soja,2016-01-01,3838343,2.85,10933015,275,1415,0.0490264644752772
Italia,ITA,Europa,Algodón,2017-01-01,2724919,1.74,4750718,92,6394,-0.0189194142350225
Italia,ITA,Europa,Arroz,2017-01-01,449714,3.41,1531375,254,6477,0.034050758369572
Italia,ITA,Europa,Cebada,2017-01-01,945971,2.7,2558496,135,9514,0.0294111119484481
Italia,ITA,Europa,Maíz,2017-01-01,8997045,8.97,80747593,71,1994,0.0416714377949712
Italia,ITA,Europa,Té,2017-01-01,34320,2.31,79203,64,5939,0.0110738639728614
Italia,ITA,Europa,Caña de azúcar,2017-01-01,1737623,96.7,168028447,147,7581,-0.0404169748594597
Italia,ITA,Europa,Trigo,2017-01-01,2232070,8.31,18553247,166,7290,-0.0035790906882549
Italia,ITA,Europa,Soja,2017-01-01,5304593,3.96,20995100,250,1425,-0.004592323662927
Italia,ITA,Europa,Algodón,2018-01-01,789284,1.13,894984,201,4172,0.040436999181816
Italia,ITA,Europa,Arroz,2018-01-01,1920389,4.93,9466327,163,4046,-0.0256847522127086
Italia,ITA,Europa,Cebada,2018-01-01,154313,3.06,471967,216,6861,-0.0188811759772405
Italia,ITA,Europa,Maíz,2018-01-01,3080788,3.55,10930096,144,1132,0.0017680589753686
Italia,ITA,Europa,Té,2018-01-01,84541,1.23,104002,269,1894,-0.0077938859583317
Italia,ITA,Europa,Caña de azúcar,2018-01-01,3105432,75.45,234301414,98,8794,0.019478157678128
Italia,ITA,Europa,Trigo,2018-01-01,3519426,6.94,24425443,126,7859,-0.0171380950791537
Italia,ITA,Europa,Soja,2018-01-01,6569550,3.05,20044312,50,4654,0.0193220557497993
Italia,ITA,Europa,Algodón,2019-01-01,926244,2.13,1975852,134,7158,-0.0294683639702852
Italia,ITA,Europa,Arroz,2019-01-01,34654,3.63,125645,79,3333,-0.0209423784610568
Italia,ITA,Europa,Cebada,2019-01-01,1123753,6.14,6901949,100,4241,-0.021589911599348
Italia,ITA,Europa,Maíz,2019-01-01,4142319,7.64,31647936,95,4211,-0.0478507971941848
Italia,ITA,Europa,Té,2019-01-01,65220,1.08,70138,251,2818,-0.0161616720735176
Italia,ITA,Europa,Caña de azúcar,2019-01-01,7033683,87.66,616551861,290,9633,0.0477101846032014
Italia,ITA,Europa,Trigo,2019-01-01,4768433,5.37,25585907,286,3142,0.0294898116511412
Italia,ITA,Europa,Soja,2019-01-01,2932727,3.53,10350534,212,5006,0.0421013594017887
Italia,ITA,Europa,Algodón,2020-01-01,2954981,1.73,5105131,133,5049,-0.0446741024930334
Italia,ITA,Europa,Arroz,2020-01-01,657335,8.68,5707868,103,2333,0.0284665222992504
Italia,ITA,Europa,Cebada,2020-01-01,1571050,2.94,4623222,215,9342,-0.0125733908276351
Italia,ITA,Europa,Maíz,2020-01-01,3292576,5.28,17380911,233,9106,-0.0026241844383363
Italia,ITA,Europa,Té,2020-01-01,21549,1.61,34785,110,7486,-0.028140627364815
Italia,ITA,Europa,Caña de azúcar,2020-01-01,6416127,106.53,683478047,190,2388,-0.036566968447251
Italia,ITA,Europa,Trigo,2020-01-01,3196905,3.93,12574146,181,6511,-0.0073897656417256
Italia,ITA,Europa,Soja,2020-01-01,3599904,3.01,10842100,56,3942,-0.0058311505363953
Canadá,CAN,América del Norte,Cebada,2011-01-01,216943,2.79,605290,135,4221,0.0175107325086305
Canadá,CAN,América del Norte,Soja,2011-01-01,6254032,4.13,25856568,230,3258,0.049840509783476
Canadá,CAN,América del Norte,Girasol,2011-01-01,4646518,2.51,11664945,260,6679,0.0283128254092055
Canadá,CAN,América del Norte,Maíz,2011-01-01,6908813,8.24,56940759,217,9399,0.0489274626680914
Canadá,CAN,América del Norte,Trigo,2011-01-01,3447014,3.35,11537269,109,9451,0.0087003639235903
Canadá,CAN,América del Norte,Té,2011-01-01,248132,2.62,649630,130,4077,-0.0071207025869704
Canadá,CAN,América del Norte,Algodón,2011-01-01,1804515,1.62,2930799,145,3276,0.0077508448613809
Canadá,CAN,América del Norte,Café,2011-01-01,488857,2.07,1011734,140,6567,-0.0274509359753524
Canadá,CAN,América del Norte,Cebada,2012-01-01,1587445,4.4,6979736,133,1380,0.0067577427516563
Canadá,CAN,América del Norte,Soja,2012-01-01,1172792,3.15,3690568,211,7404,0.0480172115425158
Canadá,CAN,América del Norte,Girasol,2012-01-01,3222852,1.54,4968786,134,8397,0.0139003305843053
Canadá,CAN,América del Norte,Maíz,2012-01-01,2947701,3.27,9651947,226,9005,-0.0473161494831054
Canadá,CAN,América del Norte,Trigo,2012-01-01,3191974,3.47,11062828,67,8449,-0.0442546819384006
Canadá,CAN,América del Norte,Té,2012-01-01,91662,1.86,170649,78,3115,0.0036453019219735
Canadá,CAN,América del Norte,Algodón,2012-01-01,295712,2.3,678713,272,4369,-0.0190242823718483
Canadá,CAN,América del Norte,Café,2012-01-01,364301,1.71,622440,200,4325,0.000247502115944
Canadá,CAN,América del Norte,Cebada,2013-01-01,607890,3.77,2293734,261,7541,0.0104848599490268
Canadá,CAN,América del Norte,Soja,2013-01-01,2744901,4.92,13495623,197,1640,0.0237290710889568
Canadá,CAN,América del Norte,Girasol,2013-01-01,3773612,2.71,10237643,150,3869,-0.0084947241476663
Canadá,CAN,América del Norte,Maíz,2013-01-01,7108726,6.54,46479474,195,2565,-0.0106448682407701
Canadá,CAN,América del Norte,Trigo,2013-01-01,2201505,7.04,15492159,187,5782,0.0166656940551819
Canadá,CAN,América del Norte,Té,2013-01-01,108779,2.93,318827,81,7041,-0.0423466363881551
Canadá,CAN,América del Norte,Algodón,2013-01-01,1312605,1.76,2312470,61,8572,-0.0473282120576534
Canadá,CAN,América del Norte,Café,2013-01-01,368100,2.04,752743,269,4185,-0.0103325672166238
Canadá,CAN,América del Norte,Cebada,2014-01-01,226944,4.47,1015564,168,8942,-0.0038643002001664
Canadá,CAN,América del Norte,Soja,2014-01-01,5216721,3.14,16389617,260,5573,0.0341562533090759
Canadá,CAN,América del Norte,Girasol,2014-01-01,154263,2.1,323502,239,7403,-0.0331546626407017
Canadá,CAN,América del Norte,Maíz,2014-01-01,304039,6.38,1941216,105,1564,0.0392687705718309
Canadá,CAN,América del Norte,Trigo,2014-01-01,3827883,7.67,29350961,214,2684,-0.0109381610972086
Canadá,CAN,América del Norte,Té,2014-01-01,27470,1.73,47624,101,5091,-0.0125355296516743
Canadá,CAN,América del Norte,Algodón,2014-01-01,375914,0.73,273060,260,4148,0.0179959525681655
Canadá,CAN,América del Norte,Café,2014-01-01,433122,0.82,357286,235,3736,-0.0455987487616539
Canadá,CAN,América del Norte,Cebada,2015-01-01,1764281,3.39,5976615,103,9875,-0.0104936078645861
Canadá,CAN,América del Norte,Soja,2015-01-01,2013556,2.49,5012555,152,6181,-0.0488018621584872
Canadá,CAN,América del Norte,Girasol,2015-01-01,1771021,1.92,3401053,144,1719,-0.0432668731469958
Canadá,CAN,América del Norte,Maíz,2015-01-01,4929105,9.6,47335093,232,9784,0.0291259773005033
Canadá,CAN,América del Norte,Trigo,2015-01-01,5454388,3.69,20139124,211,7366,0.017790052238519
Canadá,CAN,América del Norte,Té,2015-01-01,80829,1.96,158122,131,8899,-0.0432486516720762
Canadá,CAN,América del Norte,Algodón,2015-01-01,2232604,2.53,5644196,178,1217,-0.0267394095501204
Canadá,CAN,América del Norte,Café,2015-01-01,497211,0.65,325610,112,2300,-0.0440076983440254
Canadá,CAN,América del Norte,Cebada,2016-01-01,622268,3.18,1977265,110,8270,0.0239255636016517
Canadá,CAN,América del Norte,Soja,2016-01-01,2332563,3.01,7026224,252,7797,0.0148046425079632
Canadá,CAN,América del Norte,Girasol,2016-01-01,201865,2.04,411687,102,9836,-0.0445926018754899
Canadá,CAN,América del Norte,Maíz,2016-01-01,4973395,8.51,42338156,273,7250,0.0021471927476204
Canadá,CAN,América del Norte,Trigo,2016-01-01,66221,2.7,179034,63,3318,0.043827452662751
Canadá,CAN,América del Norte,Té,2016-01-01,84271,2.8,235569,110,9313,-0.042183548639536
Canadá,CAN,América del Norte,Algodón,2016-01-01,1444532,1.28,1851895,205,5079,-0.0196899292727165
Canadá,CAN,América del Norte,Café,2016-01-01,352323,1.03,362132,293,6891,-0.010175552682789
Canadá,CAN,América del Norte,Cebada,2017-01-01,857573,4.07,3490854,89,8897,-0.0480188922867705
Canadá,CAN,América del Norte,Soja,2017-01-01,7167439,2.91,20887374,187,3503,0.0052852136840285
Canadá,CAN,América del Norte,Girasol,2017-01-01,2958416,2.29,6783722,205,8878,-0.0428060350319488
Canadá,CAN,América del Norte,Maíz,2017-01-01,7266389,4.34,31530256,270,9203,0.0230368641952763
Canadá,CAN,América del Norte,Trigo,2017-01-01,3383017,10.14,34298955,145,7292,-0.0010448885650852
Canadá,CAN,América del Norte,Té,2017-01-01,41157,1.67,68722,148,3660,-0.0305771799661585
Canadá,CAN,América del Norte,Algodón,2017-01-01,1089370,3.48,3792750,231,9005,0.013497974491484
Canadá,CAN,América del Norte,Café,2017-01-01,30906,2.26,69796,112,8827,-0.0465492427934195
Canadá,CAN,América del Norte,Cebada,2018-01-01,1564230,4.24,6624671,87,5281,0.0105435635562768
Canadá,CAN,América del Norte,Soja,2018-01-01,1594394,3.56,5669552,265,3644,-0.0487662612522165
Canadá,CAN,América del Norte,Girasol,2018-01-01,3746391,2.66,9965710,182,4093,0.0376006166807896
Canadá,CAN,América del Norte,Maíz,2018-01-01,6608737,5.01,33103476,218,7271,0.0086079771131119
Canadá,CAN,América del Norte,Trigo,2018-01-01,873956,2.98,2601509,258,3338,-0.0230978662157579
Canadá,CAN,América del Norte,Té,2018-01-01,193737,1.73,335768,175,1025,-0.040312933869778
Canadá,CAN,América del Norte,Algodón,2018-01-01,2038137,2.93,5961916,93,3890,-0.0125348611277341
Canadá,CAN,América del Norte,Café,2018-01-01,118266,1.3,153991,195,4482,-0.031436195819869
Canadá,CAN,América del Norte,Cebada,2019-01-01,332542,5.35,1779861,273,7697,-0.0059269550242741
Canadá,CAN,América del Norte,Soja,2019-01-01,1213285,3.44,4177444,146,3042,-0.0223237797139119
Canadá,CAN,América del Norte,Girasol,2019-01-01,4796083,2.11,10124173,52,2000,-0.023391924983413
Canadá,CAN,América del Norte,Maíz,2019-01-01,12630627,6.36,80315674,252,1118,-0.012433419672411
Canadá,CAN,América del Norte,Trigo,2019-01-01,2374527,7.14,16964164,159,6514,-0.0129214877770394
Canadá,CAN,América del Norte,Té,2019-01-01,206128,3.25,670267,146,1937,0.0475305060714701
Canadá,CAN,América del Norte,Algodón,2019-01-01,524740,1.12,590178,263,3275,-0.0474319572732529
Canadá,CAN,América del Norte,Café,2019-01-01,246254,1.25,308162,144,8404,0.0118351695583648
Canadá,CAN,América del Norte,Cebada,2020-01-01,1139023,3.9,4437110,213,6278,-0.0483369695888628
Canadá,CAN,América del Norte,Soja,2020-01-01,425259,5.12,2176149,109,8938,-0.0099834809160198
Canadá,CAN,América del Norte,Girasol,2020-01-01,769815,2.92,2251330,171,2645,0.0234277742988307
Canadá,CAN,América del Norte,Maíz,2020-01-01,3198070,10.2,32617556,250,9267,-0.04682542523156
Canadá,CAN,América del Norte,Trigo,2020-01-01,788131,4.13,3255965,273,8648,-0.0331947148618038
Canadá,CAN,América del Norte,Té,2020-01-01,62577,1.84,115303,93,2465,-0.0394530322887797
Canadá,CAN,América del Norte,Algodón,2020-01-01,170885,1.94,332256,246,5593,-0.0279623965031095
Canadá,CAN,América del Norte,Café,2020-01-01,233432,2.69,628964,286,9757,0.0133548190634059
Rusia,RUS,Europa/Asia,Caña de azúcar,2011-01-01,6394827,126.01,805841104,161,4823,-0.0276449164307907
Rusia,RUS,Europa/Asia,Soja,2011-01-01,774349,2.62,2028226,98,2902,0.0072839009521432
Rusia,RUS,Europa/Asia,Girasol,2011-01-01,2602793,2.99,7776662,65,9775,-0.0310142324513803
Rusia,RUS,Europa/Asia,Algodón,2011-01-01,1781063,1.95,3478146,253,3069,0.0019751382349005
Rusia,RUS,Europa/Asia,Café,2011-01-01,118650,0.63,75194,130,3370,0.0316147960296943
Rusia,RUS,Europa/Asia,Cebada,2011-01-01,461680,4.3,1985833,87,1562,0.0098880308271492
Rusia,RUS,Europa/Asia,Maíz,2011-01-01,2161490,5.72,12367589,211,4534,-0.0004974474821276
Rusia,RUS,Europa/Asia,Trigo,2011-01-01,3228420,2.37,7648988,233,4450,0.0348069948946372
Rusia,RUS,Europa/Asia,Caña de azúcar,2012-01-01,3991120,92.95,370966107,95,8987,0.022739546292877
Rusia,RUS,Europa/Asia,Soja,2012-01-01,6817505,4.99,34031531,190,7427,-0.016258985234471
Rusia,RUS,Europa/Asia,Girasol,2012-01-01,3013852,2.91,8764652,122,5626,0.0196376315676151
Rusia,RUS,Europa/Asia,Algodón,2012-01-01,2256560,2.0,4513069,198,1886,0.03498097206248
Rusia,RUS,Europa/Asia,Café,2012-01-01,248392,1.83,455200,173,5769,0.0397218086904457
Rusia,RUS,Europa/Asia,Cebada,2012-01-01,1659829,4.78,7927964,235,2670,0.0178317806016648
Rusia,RUS,Europa/Asia,Maíz,2012-01-01,2730256,7.09,19346731,93,1922,-0.0403952268096925
Rusia,RUS,Europa/Asia,Trigo,2012-01-01,1615793,6.53,10545348,136,8107,0.0469726973388853
Rusia,RUS,Europa/Asia,Caña de azúcar,2013-01-01,7021626,61.35,430754634,127,3826,0.0152796966919304
Rusia,RUS,Europa/Asia,Soja,2013-01-01,5831598,4.2,24486344,168,7260,-0.0224783959743876
Rusia,RUS,Europa/Asia,Girasol,2013-01-01,3210228,1.14,3670573,214,9351,-0.0275064959950545
Rusia,RUS,Europa/Asia,Algodón,2013-01-01,2474874,2.31,5711680,201,3967,-0.0116040121881727
Rusia,RUS,Europa/Asia,Café,2013-01-01,403689,1.24,499514,66,9806,-0.0315110151429992
Rusia,RUS,Europa/Asia,Cebada,2013-01-01,49344,4.74,234012,185,9004,-0.0436068337269864
Rusia,RUS,Europa/Asia,Maíz,2013-01-01,9755307,7.92,77238948,242,4399,0.0465681043703722
Rusia,RUS,Europa/Asia,Trigo,2013-01-01,1653006,6.58,10884381,164,6149,-0.0376954696780866
Rusia,RUS,Europa/Asia,Caña de azúcar,2014-01-01,3285556,76.77,252222992,242,1573,-0.0415389672071274
Rusia,RUS,Europa/Asia,Soja,2014-01-01,2416879,3.21,7754912,291,1001,-0.0251662915195524
Rusia,RUS,Europa/Asia,Girasol,2014-01-01,4066442,3.07,12471034,85,9035,0.0195101494438469
Rusia,RUS,Europa/Asia,Algodón,2014-01-01,1518577,2.99,4540597,219,1732,-0.0262899644399181
Rusia,RUS,Europa/Asia,Café,2014-01-01,151536,1.75,264440,191,4539,0.0091783138804623
Rusia,RUS,Europa/Asia,Cebada,2014-01-01,1496770,3.6,5382808,147,3675,-0.0099940624415369
Rusia,RUS,Europa/Asia,Maíz,2014-01-01,4094438,8.12,33263501,102,2156,0.0129568202291987
Rusia,RUS,Europa/Asia,Trigo,2014-01-01,1593562,6.73,10728655,180,3687,-0.0080313527423383
Rusia,RUS,Europa/Asia,Caña de azúcar,2015-01-01,6847030,90.66,620768065,119,3041,0.0031470165476129
Rusia,RUS,Europa/Asia,Soja,2015-01-01,3715215,2.67,9901439,135,5476,-0.0353670367085521
Rusia,RUS,Europa/Asia,Girasol,2015-01-01,2544288,1.65,4193677,146,2720,0.0282733618659048
Rusia,RUS,Europa/Asia,Algodón,2015-01-01,2064385,3.22,6651057,175,2565,0.0028960118807108
Rusia,RUS,Europa/Asia,Café,2015-01-01,489914,0.85,416572,62,3797,-0.018200361023463
Rusia,RUS,Europa/Asia,Cebada,2015-01-01,418877,4.64,1942280,186,7597,-0.0023138131258561
Rusia,RUS,Europa/Asia,Maíz,2015-01-01,242152,8.87,2148592,86,7206,0.0067560775096881
Rusia,RUS,Europa/Asia,Trigo,2015-01-01,3022795,5.8,17536779,230,8500,-0.0316895474203229
Rusia,RUS,Europa/Asia,Caña de azúcar,2016-01-01,9363067,80.27,751604242,291,4748,-0.0194812568756675
Rusia,RUS,Europa/Asia,Soja,2016-01-01,9161381,3.81,34860837,212,2302,-0.0423306787535898
Rusia,RUS,Europa/Asia,Girasol,2016-01-01,758037,1.62,1225138,191,9074,0.0308346918779261
Rusia,RUS,Europa/Asia,Algodón,2016-01-01,1584915,3.17,5020399,177,9437,0.0185121864065188
Rusia,RUS,Europa/Asia,Café,2016-01-01,304214,1.89,574270,283,1119,0.0214160072989604
Rusia,RUS,Europa/Asia,Cebada,2016-01-01,1725864,4.66,8034591,285,9652,0.018407810188229
Rusia,RUS,Europa/Asia,Maíz,2016-01-01,6844516,11.63,79593431,184,4687,-0.0325185804999453
Rusia,RUS,Europa/Asia,Trigo,2016-01-01,1127152,5.86,6608255,147,3793,-0.0126716301070687
Rusia,RUS,Europa/Asia,Caña de azúcar,2017-01-01,3796488,138.78,526864390,124,5901,-0.0016875316995791
Rusia,RUS,Europa/Asia,Soja,2017-01-01,65553,3.74,245118,128,9446,0.0325727387468649
Rusia,RUS,Europa/Asia,Girasol,2017-01-01,3423841,3.25,11113344,51,8542,-0.01714481987182
Rusia,RUS,Europa/Asia,Algodón,2017-01-01,26192,2.17,56729,52,2660,-0.0069196183293714
Rusia,RUS,Europa/Asia,Café,2017-01-01,259259,1.17,302889,174,1113,-0.034436959945077
Rusia,RUS,Europa/Asia,Cebada,2017-01-01,523887,3.78,1979666,278,3984,0.0036427384700952
Rusia,RUS,Europa/Asia,Maíz,2017-01-01,7123923,6.61,47083548,241,8110,-0.0494189781254256
Rusia,RUS,Europa/Asia,Trigo,2017-01-01,1991541,2.17,4316089,157,6426,0.0400997810301233
Rusia,RUS,Europa/Asia,Caña de azúcar,2018-01-01,3040637,158.45,481787490,80,7899,-0.00109321657559
Rusia,RUS,Europa/Asia,Soja,2018-01-01,5993068,3.94,23632135,275,7551,0.0001858582541305
Rusia,RUS,Europa/Asia,Girasol,2018-01-01,4023290,2.27,9127643,82,3548,-0.0155879449099295
Rusia,RUS,Europa/Asia,Algodón,2018-01-01,2460235,1.74,4292400,299,1131,-0.0065671485064975
Rusia,RUS,Europa/Asia,Café,2018-01-01,244674,0.67,163718,236,9376,-0.0313139764596024
Rusia,RUS,Europa/Asia,Cebada,2018-01-01,234748,6.12,1435553,260,8031,-0.0301587540850841
Rusia,RUS,Europa/Asia,Maíz,2018-01-01,2065766,7.16,14787457,268,3436,-0.0270615807768246
Rusia,RUS,Europa/Asia,Trigo,2018-01-01,306904,2.86,876371,54,4270,-0.0409064569589867
Rusia,RUS,Europa/Asia,Caña de azúcar,2019-01-01,5840491,113.06,660315875,106,6507,-0.0073924143022334
Rusia,RUS,Europa/Asia,Soja,2019-01-01,3115021,3.25,10122391,121,6751,0.0211585599318699
Rusia,RUS,Europa/Asia,Girasol,2019-01-01,381617,1.56,596456,132,4473,-0.0214683030008836
Rusia,RUS,Europa/Asia,Algodón,2019-01-01,2414725,1.29,3117864,143,6476,-0.019564330494755
Rusia,RUS,Europa/Asia,Café,2019-01-01,7113,1.84,13076,142,6920,0.0242932019969882
Rusia,RUS,Europa/Asia,Cebada,2019-01-01,1385589,3.68,5096893,148,2429,0.0387193799811344
Rusia,RUS,Europa/Asia,Maíz,2019-01-01,1875616,4.35,8164121,259,4120,-0.0307072492654174
Rusia,RUS,Europa/Asia,Trigo,2019-01-01,865044,2.38,2056490,235,8769,0.0489644615061491
Rusia,RUS,Europa/Asia,Caña de azúcar,2020-01-01,2343080,55.74,130596752,114,6690,0.0394913027927369
Rusia,RUS,Europa/Asia,Soja,2020-01-01,6216059,2.65,16480315,184,9255,0.0290885172947309
Rusia,RUS,Europa/Asia,Girasol,2020-01-01,2054251,2.13,4371350,194,1996,0.0294390380177453
Rusia,RUS,Europa/Asia,Algodón,2020-01-01,1934750,2.53,4890157,69,3711,-0.0062255056569518
Rusia,RUS,Europa/Asia,Café,2020-01-01,312482,1.84,575454,97,1058,-0.0339996944577262
Rusia,RUS,Europa/Asia,Cebada,2020-01-01,1337916,2.98,3982094,178,9602,-0.0241165382389648
Rusia,RUS,Europa/Asia,Maíz,2020-01-01,6343828,7.32,46450989,61,9741,-0.0261783225150083
Rusia,RUS,Europa/Asia,Trigo,2020-01-01,1052466,6.2,6529847,273,1844,0.0142413124293265
